ticker,local_price_eur,fx_eur,total_eur
VT,424.5723971461766,408.83390173408037,833.4062988802543
VOO,128.69830705874546,90.41615108129403,219.11445814004037
IEUR,24.645028703536717,55.074239564594045,79.71926826813069
CME,-245.50135589715063,50.15008732177323,-195.35126857537853
NVO,-0.0,0.0,0.0
RHM.DE,-137.7503844747937,0.0,-137.75038447479437
SU.PA,70.06051387716377,0.0,70.06051387716388
UL,29.187550675219754,22.577534157418512,51.76508483263842
IEF,-94.3748422232988,94.54995138287278,0.17510915957427642
SHY,-5.416132557903634,130.57180665700014,125.15567409909818
GLD,-192.20326771236824,86.77569560612257,-105.42757210624586
SLV,-61.331621380803114,17.740278004052268,-43.5913433767505
CPER,0.0,0.0,0.0
BNO,-14.2854258757443,8.248422414419899,-6.037003461324389
BTC-USD,95.8693433125633,22.896519681401728,118.76586299396558
ETH-USD,30.095371637476212,9.112771672276466,39.2081433097527
