window,ticker,equity_correlation,annualised_volatility
Pre-inception,VT,0.9999999999999999,0.18527987016684888
Pre-inception,GLD,0.3926851035538374,0.16370445193396385
Pre-inception,SLV,0.41971019170162105,0.29231726803336366
Pre-inception,CPER,0.5045939394968733,0.2500682626740918
Pre-inception,BNO,0.2637700601176532,0.36271828145912133
Reconstruction,VT,0.9999999999999999,0.1687431860109224
Reconstruction,GLD,0.3675417262282801,0.2503782484891295
Reconstruction,SLV,0.39940768007152544,0.486578069389596
Reconstruction,CPER,0.5277468664345993,0.3233681285710566
Reconstruction,BNO,-0.03748652342385217,0.40728969920431035
