policy,hedge_ratio,annual_hedge_drag,usd_listing_weight,total_return,annual_vol,max_drawdown,daily_es975
No hedge,0.0,0.0,0.8854633220805349,0.31416101957219933,0.120615823648842,-0.11798269342487055,0.021055900780883097
No hedge,0.0,0.01,0.8854633220805349,0.31416101957219933,0.120615823648842,-0.11798269342487055,0.021055900780883097
No hedge,0.0,0.03,0.8854633220805349,0.31416101957219933,0.120615823648842,-0.11798269342487055,0.021055900780883097
Half hedge,0.5,0.0,0.8854633220805349,0.3302975061541693,0.10783664190538651,-0.09782290349515921,0.019268855078966078
Half hedge,0.5,0.01,0.8854633220805349,0.31903985483738095,0.10783664190538651,-0.09834747382740638,0.01928642379567402
Half hedge,0.5,0.03,0.8854633220805349,0.29680896924910427,0.10783664190538651,-0.09939572733610424,0.019321561229089918
Full opening-notional hedge,1.0,0.0,0.8854633220805349,0.3439225435044668,0.1039936763233678,-0.08206697080771419,0.018218474504647794
Full opening-notional hedge,1.0,0.01,0.8854633220805349,0.3212731939401059,0.1039936763233678,-0.0825212199116584,0.018253611938063685
Full opening-notional hedge,1.0,0.03,0.8854633220805349,0.277110914382086,0.1039936763233678,-0.08342909199138537,0.018323886804895474
Training minimum variance (bounded),0.9879342411165336,0.0,0.8854633220805349,0.3436239338816509,0.103968933605592,-0.08204923274690734,0.018235516702883148
Training minimum variance (bounded),0.9879342411165336,0.01,0.8854633220805349,0.32125054482244275,0.103968933605592,-0.08249801050822614,0.01827023017649966
Training minimum variance (bounded),0.9879342411165336,0.03,0.8854633220805349,0.27761298327054096,0.103968933605592,-0.08353641891118113,0.01833965712373269
