declared_probability,expected_brier_if_true_probability_60pct
0.0,0.6
0.05,0.5425
0.1,0.49
0.15000000000000002,0.44249999999999995
0.2,0.4000000000000001
0.25,0.3625
0.30000000000000004,0.32999999999999996
0.35000000000000003,0.3024999999999999
0.4,0.28
0.45,0.26250000000000007
0.5,0.25
0.55,0.2425
0.6000000000000001,0.24
0.65,0.2425
0.7000000000000001,0.25
0.75,0.2625
0.8,0.28
0.8500000000000001,0.3025000000000001
0.9,0.33000000000000007
0.9500000000000001,0.3625000000000001
1.0,0.4
