peak_date,trough_date,recovery_date,depth,underwater_sessions,recovered
2025-02-20,2025-04-07,2025-09-10,-0.12401836555526657,144,True
2026-02-27,2026-03-27,2026-05-06,-0.06226485064086007,48,True
2025-11-12,2025-11-20,2026-01-05,-0.030743500897039255,38,True
2026-01-27,2026-02-05,2026-02-20,-0.03059508176167547,18,True
2026-05-28,2026-06-10,2026-08-04,-0.030519377747520338,48,True
2024-12-04,2024-12-30,2025-01-17,-0.02785410500207286,32,True
2024-10-18,2024-11-04,2024-11-07,-0.02564755553248743,14,True
2026-08-27,2026-09-10,,-0.02486885457990684,16,False
2026-05-06,2026-05-19,2026-05-26,-0.01676875002258804,14,True
2025-09-15,2025-09-17,2025-09-22,-0.0143252451986019,5,True
2025-01-24,2025-01-27,2025-02-03,-0.013746837894191843,6,True
2026-08-14,2026-08-20,2026-08-27,-0.011830341783252152,9,True
2026-01-16,2026-01-21,2026-01-27,-0.010622668084811382,7,True
2025-10-08,2025-10-10,2025-10-20,-0.009959556571659034,8,True
2025-11-03,2025-11-04,2025-11-10,-0.009049051593571056,5,True
2025-09-22,2025-09-24,2025-09-26,-0.00859825074815368,4,True
2024-11-26,2024-11-28,2024-12-02,-0.007115016364257709,4,True
2025-02-03,2025-02-07,2025-02-10,-0.007091068803774858,5,True
2025-10-20,2025-10-21,2025-10-24,-0.007012593403652234,4,True
2025-10-27,2025-10-30,2025-11-03,-0.006642663978205121,5,True
2026-02-20,2026-02-23,2026-02-25,-0.006392923865408684,3,True
2024-11-07,2024-11-08,2024-11-11,-0.006348655950882964,2,True
2025-02-11,2025-02-12,2025-02-18,-0.005115740575556305,5,True
2026-08-05,2026-08-06,2026-08-07,-0.004864556837757661,2,True
2024-10-14,2024-10-15,2024-10-16,-0.0041316116216935095,2,True
2026-05-26,2026-05-27,2026-05-28,-0.0036486927393182267,2,True
2026-08-07,2026-08-11,2026-08-12,-0.003480183395209613,3,True
2025-10-06,2025-10-07,2025-10-08,-0.00335564508161057,2,True
2024-11-11,2024-11-12,2024-11-18,-0.003235014741944875,5,True
2024-10-02,2024-10-03,2024-10-04,-0.0028209982423239577,2,True
2024-11-22,2024-11-25,2024-11-26,-0.0025046126577011885,2,True
2024-09-27,2024-09-30,2024-10-02,-0.002475000000000005,3,True
2026-01-12,2026-01-13,2026-01-14,-0.002232170237098763,2,True
2025-09-11,2025-09-12,2025-09-15,-0.0021272834619555647,2,True
2024-11-18,2024-11-20,2024-11-21,-0.002103333699118526,3,True
2025-01-20,2025-01-21,2025-01-22,-0.0019219415850407762,2,True
2026-02-25,2026-02-26,2026-02-27,-0.001658549340010529,2,True
2026-01-14,2026-01-15,2026-01-16,-0.0006999023780154268,2,True
2024-10-07,2024-10-08,2024-10-09,-0.00018812694604553037,2,True
2026-01-06,2026-01-07,2026-01-08,-2.0401719523777118e-05,2,True
