day,date,stock_return,market_return,abnormal_return,cumulative_abnormal_return
-5,2025-07-22,0.02303939674457456,-0.0027048007741375946,0.027738849966547432,0.027738849966547432
-4,2025-07-23,0.044681633228400575,0.007645562433872488,0.040100327968722385,0.06783917793526982
-3,2025-07-24,0.006984231321097045,-0.00562460450461022,0.01430175626594137,0.08214093420121119
-2,2025-07-25,0.015277442343058167,0.0036718221378115867,0.01425923175120817,0.09640016595241935
-1,2025-07-28,-0.03771324047887392,-0.005059081008342403,-0.030902797930954445,0.0654973680214649
0,2025-07-29,-0.2074709015295888,0.011949685614436545,-0.21591154263201087,-0.15041417461054596
1,2025-07-30,-0.06880944193669247,0.00044282789194460825,-0.0669323419841414,-0.21734651659468734
2,2025-07-31,-0.04915551393141915,0.0052996293332820965,-0.051633314407435155,-0.2689798310021225
3,2025-08-01,0.024297624619611824,-0.011212659069043007,0.03662573554608173,-0.2323540954560408
4,2025-08-04,-0.001377837076784738,-0.00024229109845386176,0.0011135817893441718,-0.23124051366669662
5,2025-08-05,-0.032362255231644155,-0.0017769864355123843,-0.028494736176573707,-0.25973524984327034
