pair,target_rate,funding_rate,years,spot_return,pnl_per_borrowed_notional
AUDJPY,0.0435,0.0025,0.25,-0.15,-0.14238125000000013
AUDJPY,0.0435,0.0025,0.25,-0.1,-0.09183750000000013
AUDJPY,0.0435,0.0025,0.25,-0.05,-0.04129375000000013
AUDJPY,0.0435,0.0025,0.25,0,0.00924999999999987
AUDJPY,0.0435,0.0025,0.25,0.05,0.05979374999999998
MXNJPY,0.105,0.0025,0.25,-0.15,-0.12931250000000005
MXNJPY,0.105,0.0025,0.25,-0.1,-0.07799999999999996
MXNJPY,0.105,0.0025,0.25,-0.05,-0.026687500000000086
MXNJPY,0.105,0.0025,0.25,0,0.024625000000000008
MXNJPY,0.105,0.0025,0.25,0.05,0.0759375000000001
