terminal_spot,unhedged,protective_put,collar
50.0,-0.5,-0.11288463920101428,-0.095189708548123
55.0,-0.45,-0.11288463920101428,-0.095189708548123
60.0,-0.4,-0.11288463920101424,-0.09518970854812298
65.0,-0.35,-0.11288463920101424,-0.09518970854812298
70.0,-0.3,-0.11288463920101424,-0.09518970854812298
75.0,-0.25,-0.11288463920101424,-0.09518970854812298
80.0,-0.2,-0.11288463920101424,-0.09518970854812298
85.0,-0.15,-0.11288463920101424,-0.09518970854812298
90.0,-0.1,-0.11288463920101424,-0.09518970854812298
95.0,-0.05,-0.06288463920101424,-0.045189708548122966
100.0,0.0,-0.01288463920101425,0.004810291451877027
105.0,0.05,0.03711536079898575,0.05481029145187703
110.0,0.1,0.08711536079898576,0.10481029145187704
115.0,0.15,0.13711536079898576,0.10481029145187704
120.0,0.2,0.18711536079898575,0.10481029145187704
125.0,0.25,0.23711536079898576,0.10481029145187704
130.0,0.3,0.28711536079898575,0.10481029145187701
135.0,0.35,0.33711536079898574,0.10481029145187698
140.0,0.4,0.38711536079898573,0.10481029145187698
