decision_date,fill_date,fees,gross_traded_eur
2024-09-27,2024-09-30,247.5,96000.0
2024-09-30,2024-10-01,2.3881472221468436,829.9668573760574
2024-10-31,2024-11-01,5.680464827148266,1917.752132865253
2024-11-29,2024-12-02,13.78665446071427,4365.7654505258015
2025-01-31,2025-02-03,9.905943791237924,3600.091195465655
2025-02-28,2025-03-03,14.326418028940678,5057.095798450823
2025-03-31,2025-04-01,10.143791165844867,3922.5048651079887
2025-04-30,2025-05-02,7.4113504299170785,2676.755137719658
2025-05-30,2025-06-02,6.38813640357227,2061.924415250496
2025-06-30,2025-07-01,6.490938425278314,2449.002227885253
2025-07-31,2025-08-01,9.745884908568238,3218.793916216338
2025-08-29,2025-09-02,6.810483843606152,2393.6167309486136
2025-09-30,2025-10-01,6.964792293432458,2693.271491141931
2025-10-31,2025-11-03,8.826075339158118,3097.8981840967645
2025-11-28,2025-12-01,9.247445778314736,3013.0540151454643
2026-01-30,2026-02-02,13.7968659119113,4946.109205286553
2026-02-27,2026-03-02,13.941438040776855,5083.120293604452
2026-03-31,2026-04-01,8.863645556996712,3339.1463413470797
2026-04-30,2026-05-04,15.975270408353607,6040.915202178857
2026-05-29,2026-06-01,14.119767115025672,5152.124784795387
2026-06-30,2026-07-01,14.711919582315794,5339.865292782171
2026-07-31,2026-08-03,9.504071425024701,3557.0354632504364
2026-08-31,2026-09-01,11.310113159217249,3677.1030839720597
