cost_multiplier,rule,nav,fees
0,buy_hold,127238.23916424933,0.0
0,monthly,127756.64889029783,0.0
0,drift,129805.44974229498,0.0
0.5,buy_hold,127114.48916424933,123.75
0.5,monthly,127477.61510915039,234.15580936982374
0.5,drift,129577.15495263002,196.8724947957211
1,buy_hold,126990.73916424933,247.5
1,monthly,127199.10924431212,467.8396181175021
1,drift,129349.02510544573,393.5899689200141
2,buy_hold,126743.23916424933,495.0
2,monthly,126643.33860102601,934.0631502875734
2,drift,128893.26038074025,786.5597694389155
