ticker,weight,risk_share,recent_risk_share
VT,0.3631158871527855,0.49399751455196506,0.44173084701344056
VOO,0.08030532882319316,0.10944813518017082,0.08485492586232166
IEUR,0.04891554069743024,0.06802687824614717,0.06242918421383555
CME,0.044542033748659,0.036597754817304755,0.006801235649959713
NVO,0.0,0.0,0.0
RHM.DE,0.036085813153701414,0.02534443859492682,0.051366945518328114
SU.PA,0.03044451818372552,0.029621395949432357,0.0409309692873426
UL,0.020052792370006955,0.017866495153206062,0.007943286408184081
IEF,0.08397686525266607,0.035905548362019486,0.029240740498972323
SHY,0.11597056215322729,0.040277666539055915,0.027130138771039727
GLD,0.07707196873759313,0.05227642103790566,0.1325033406849961
SLV,0.0157564643207315,0.018649850480674912,0.052670291597472746
CPER,0.0,0.0,0.0
BNO,0.007326039278834415,0.006329817180690693,-0.007825492305777695
BTC-USD,0.02033610721018721,0.04409174479625988,0.045000456872775055
ETH-USD,0.008093732335220389,0.021566339110240394,0.02522312992710958
