scenario,ticker,local_return,fx_return,eur_return,nav_contribution,pnl_eur
Growth shock,VT,-0.25,0.08,-0.18999999999999995,-0.06899201855902923,-8800.285268648287
Growth shock,VOO,-0.25,0.08,-0.18999999999999995,-0.015258012476406697,-1946.237626169594
Growth shock,IEUR,-0.25,0.08,-0.18999999999999995,-0.009293952732511743,-1185.4912644635547
Growth shock,CME,-0.3,0.08,-0.244,-0.010868256234672795,-1386.301738019936
Growth shock,NVO,-0.3,0.08,-0.244,-0.0,-0.0
Growth shock,RHM.DE,-0.3,0.0,-0.30000000000000004,-0.010825743946110427,-1380.879077912494
Growth shock,SU.PA,-0.3,0.0,-0.30000000000000004,-0.009133355455117658,-1165.0062593288378
Growth shock,UL,-0.3,0.08,-0.244,-0.004892881338281697,-624.1120706692134
Growth shock,IEF,0.075,0.08,0.16100000000000003,0.013520275305679239,1724.580351259582
Growth shock,SHY,0.018199999999999997,0.08,0.09965599999999997,0.011557162341942016,1474.1752398235692
Growth shock,GLD,0.1,0.08,0.18800000000000017,0.01448953012266752,1848.213766626468
Growth shock,SLV,-0.15,0.08,-0.08199999999999996,-0.0012920300742999826,-164.8050523378204
Growth shock,CPER,-0.15,0.08,-0.08199999999999996,-0.0,-0.0
Growth shock,BNO,-0.3,0.08,-0.244,-0.0017875535840355973,-228.0116135324924
Growth shock,BTC-USD,-0.4,0.08,-0.352,-0.007158309737985898,-913.0790640908778
Growth shock,ETH-USD,-0.4,0.08,-0.352,-0.0028489937819975767,-363.4037463149799
Inflation shock,VT,-0.18,-0.05,-0.22099999999999997,-0.08024861106076558,-10236.121286164587
Inflation shock,VOO,-0.18,-0.05,-0.22099999999999997,-0.017747477669925685,-2263.781659913054
Inflation shock,IEUR,-0.18,-0.05,-0.22099999999999997,-0.010810334494132082,-1378.9135234023454
Inflation shock,CME,-0.22,-0.05,-0.259,-0.01153638674090268,-1471.5252055211615
Inflation shock,NVO,-0.22,-0.05,-0.259,-0.0,-0.0
Inflation shock,RHM.DE,-0.22,0.0,-0.21999999999999997,-0.00793887889381431,-1012.6446571358288
Inflation shock,SU.PA,-0.22,0.0,-0.21999999999999997,-0.006697794000419614,-854.3379235078141
Inflation shock,UL,-0.22,-0.05,-0.259,-0.005193673223831801,-662.4796159972389
Inflation shock,IEF,-0.10124999999999999,-0.05,-0.14618750000000003,-0.012276367989124123,-1565.9136031041003
Inflation shock,SHY,-0.02655,-0.05,-0.07522249999999997,-0.008723595611571136,-1112.7392929440116
Inflation shock,GLD,0.05,-0.05,-0.0025000000000000577,-0.00019267992184398728,-24.577310726416343
Inflation shock,SLV,-0.1,-0.05,-0.14500000000000002,-0.002284687326506068,-291.4235681583411
Inflation shock,CPER,-0.1,-0.05,-0.14500000000000002,-0.0,-0.0
Inflation shock,BNO,0.35,-0.05,0.2825,0.002069606096270722,263.98885583167663
Inflation shock,BTC-USD,-0.35,-0.05,-0.38250000000000006,-0.007778561007896609,-992.1952898146614
Inflation shock,ETH-USD,-0.35,-0.05,-0.38250000000000006,-0.0030958526182217993,-394.8918550155678
Liquidity shock,VT,-0.3,0.12,-0.21599999999999997,-0.07843303162500165,-10004.534831726474
Liquidity shock,VOO,-0.3,0.12,-0.21599999999999997,-0.01734595102580972,-2212.5648802770124
Liquidity shock,IEUR,-0.3,0.12,-0.21599999999999997,-0.01056575679064493,-1347.7163848638306
Liquidity shock,CME,-0.4,0.12,-0.32799999999999996,-0.01460978706956015,-1863.5531560267991
Liquidity shock,NVO,-0.4,0.12,-0.32799999999999996,-0.0,-0.0
Liquidity shock,RHM.DE,-0.4,0.0,-0.4,-0.014434325261480566,-1841.1721038833252
Liquidity shock,SU.PA,-0.4,0.0,-0.4,-0.012177807273490208,-1553.3416791051168
Liquidity shock,UL,-0.4,0.12,-0.32799999999999996,-0.00657731589736228,-838.9703245061556
Liquidity shock,IEF,-0.0523125,0.12,0.06141000000000019,0.005157019295166239,657.8042196947282
Liquidity shock,SHY,-0.0133875,0.12,0.10500600000000015,0.012177604849461803,1553.3158588836998
Liquidity shock,GLD,-0.15,0.12,-0.04799999999999993,-0.003699454499404465,-471.88436594718223
Liquidity shock,SLV,-0.35,0.12,-0.2719999999999999,-0.004285758295238967,-546.6704175108189
Liquidity shock,CPER,-0.35,0.12,-0.2719999999999999,-0.0,-0.0
Liquidity shock,BNO,-0.35,0.12,-0.2719999999999999,-0.00199268268384296,-254.17688065917173
Liquidity shock,BTC-USD,-0.6,0.12,-0.5519999999999999,-0.011225531180023339,-1431.8739868697853
Liquidity shock,ETH-USD,-0.6,0.12,-0.5519999999999999,-0.004467740249041654,-569.8831476303094
EUR appreciation,VT,0.0,-0.15,-0.15000000000000002,-0.05446738307291783,-6947.593633143387
EUR appreciation,VOO,0.0,-0.15,-0.15000000000000002,-0.012045799323478976,-1536.503389081259
EUR appreciation,IEUR,0.0,-0.15,-0.15000000000000002,-0.0073373311046145365,-935.9141561554381
EUR appreciation,CME,0.0,-0.15,-0.15000000000000002,-0.00668130506229885,-852.2346750122558
EUR appreciation,NVO,0.0,-0.15,-0.15000000000000002,-0.0,-0.0
EUR appreciation,RHM.DE,0.0,0.0,0.0,0.0,0.0
EUR appreciation,SU.PA,0.0,0.0,0.0,0.0,0.0
EUR appreciation,UL,0.0,-0.15,-0.15000000000000002,-0.0030079188555010438,-383.6754532802542
EUR appreciation,IEF,0.0,-0.15,-0.15000000000000002,-0.012596529787899912,-1606.751880055511
EUR appreciation,SHY,0.0,-0.15,-0.15000000000000002,-0.017395584322984096,-2218.895861498911
EUR appreciation,GLD,0.0,-0.15,-0.15000000000000002,-0.011560795310638972,-1474.6386435849467
EUR appreciation,SLV,0.0,-0.15,-0.15000000000000002,-0.0023634696481097256,-301.4726567155253
EUR appreciation,CPER,0.0,-0.15,-0.15000000000000002,-0.0,-0.0
EUR appreciation,BNO,0.0,-0.15,-0.15000000000000002,-0.0010989058918251624,-140.17107389292565
EUR appreciation,BTC-USD,0.0,-0.15,-0.15000000000000002,-0.003050416081528082,-389.0961920841809
EUR appreciation,ETH-USD,0.0,-0.15,-0.15000000000000002,-0.0012140598502830586,-154.85955098649717
