date,nav,risky_weight
2024-09-30,99755.0,0.9523332163801314
2024-10-01,99829.29905697214,0.9500216839331255
2024-10-02,100395.36033120686,0.9503034777250257
2024-10-03,100067.18378018364,0.9501404948902746
2024-10-04,100587.84990408803,0.9503985792940075
2024-10-07,100601.82373984193,0.9504054690508761
2024-10-08,100637.45226860458,0.9504230269295044
2024-10-09,100703.78506168937,0.9504556828926783
2024-10-10,100819.39444878246,0.9505124952566688
2024-10-11,101517.82587775061,0.9508529638232
2024-10-14,102138.75164902919,0.9511517403487737
2024-10-15,101755.53626560199,0.9509677758664566
2024-10-16,102297.72218620233,0.9512276504854881
2024-10-17,102567.56999219122,0.9513559669846546
2024-10-18,103385.24136955968,0.9517406914670808
2024-10-21,102599.39196348272,0.951371054296504
2024-10-22,102980.06545088452,0.9515508148187816
2024-10-23,102361.03022568804,0.9512578151079237
2024-10-24,102915.08689052098,0.9515202249567994
2024-10-25,102172.47983947856,0.9511678656636062
2024-10-28,102917.2296612102,0.9515212343217165
2024-10-29,102840.72508690199,0.95148517032734
2024-10-30,102583.56478373829,0.951363551544323
2024-10-31,100955.33725195902,0.9505791333394107
2024-11-01,100844.66737425921,0.9500535214932387
2024-11-04,100698.31362925631,0.9499809298686551
2024-11-05,101584.06932334206,0.9504170679016837
2024-11-06,101367.22134605888,0.9503109985195844
2024-11-07,104360.95888123183,0.9517363958176916
2024-11-08,103724.50705930812,0.9514402511582924
2024-11-11,105016.76604582672,0.9520377916671707
2024-11-12,104670.21775627571,0.9518789955777279
2024-11-13,104986.68297791731,0.9520240484920419
2024-11-14,104919.95141066577,0.951993534653716
2024-11-15,104765.80952722477,0.9519229027651331
2024-11-18,105269.7042310128,0.9521530335026241
2024-11-19,105204.67154608676,0.9521234567105373
2024-11-20,105051.39043533965,0.952053599760489
2024-11-21,106098.91508718899,0.9525269791176394
2024-11-22,107367.47691415821,0.9530878795302515
2024-11-25,107164.31784545002,0.9529989448652681
2024-11-26,107656.7704781471,0.9532139410353914
2024-11-27,107533.67614952504,0.9531603848033036
2024-11-29,107584.9689176376,0.9531827163013272
2024-12-02,107794.61016064396,0.9601457532648131
2024-12-03,108477.22208526189,0.9603965430946515
2024-12-04,109022.46141105931,0.9605946065199571
2024-12-05,109002.79649485025,0.9605874974935295
2024-12-06,108475.11079677302,0.9603957722789126
2024-12-09,108221.96029718977,0.9603031309147599
2024-12-10,107897.5979498308,0.9601837939704354
2024-12-11,108837.25995588835,0.9605275528637272
2024-12-12,108427.88602048342,0.96037852301894
2024-12-13,108486.98044231479,0.9604001054085018
2024-12-16,108436.43466802294,0.9603816466004441
2024-12-17,108036.01311487838,0.9602348062817032
2024-12-18,106090.19629492486,0.9595054666679781
2024-12-19,107052.78839226293,0.9598695834589202
2024-12-20,106902.33412349378,0.9598131039393138
2024-12-23,106551.6224633139,0.9596808299043523
2024-12-27,106696.87780662507,0.9597357197475667
2024-12-30,105975.38166423324,0.9594615945458255
2025-01-02,106776.46885621958,0.9597657326929355
2025-01-03,108176.3118442583,0.9602863795518315
2025-01-06,108172.13772123857,0.9602848470912478
2025-01-07,106792.76448600086,0.9597718720856904
2025-01-08,107462.14407668792,0.9600224523065556
2025-01-10,107081.97364861605,0.9598805210280964
2025-01-13,107317.00557416775,0.9599683855593927
2025-01-14,107422.1486721208,0.9600075678696554
2025-01-15,108326.89378281806,0.9603415842544264
2025-01-16,108821.41592478275,0.9605218058085642
2025-01-17,109251.82848259003,0.96067733556743
2025-01-21,109184.68471970115,0.9606531538640748
2025-01-22,109488.15516387427,0.9607622122809949
2025-01-23,109891.40607876904,0.9609061969141954
2025-01-24,110131.46020039561,0.9609914098818954
2025-01-27,108613.87078167693,0.9604463687819298
2025-01-28,108839.34090412519,0.9605283075551705
2025-01-29,108993.06110763946,0.9605839771228843
2025-01-30,109938.38988847032,0.9609229042336909
2025-01-31,109816.3821371827,0.960879488957313
2025-02-03,110666.07515079073,0.9301197709329792
2025-02-04,110462.40244281976,0.9299909244189349
2025-02-05,110347.090839658,0.9299177656371338
2025-02-06,110178.5741543636,0.9298105757780937
2025-02-07,109852.21734657392,0.9296020520269763
2025-02-10,111166.76282444486,0.9304345068165926
2025-02-11,111248.91106537342,0.9304858752555248
2025-02-12,110711.65888236341,0.9301485429849581
2025-02-13,111313.43151322514,0.9305261676299451
2025-02-14,110829.61629019571,0.9302228868027804
2025-02-18,111440.65807449482,0.930605482638878
2025-02-19,111804.18229543301,0.9308311145190381
2025-02-20,111962.68806254579,0.9309290370273595
2025-02-21,110473.2856380711,0.929997821312012
2025-02-24,110362.35049872215,0.9299274558167829
2025-02-25,110240.72175436476,0.9298501446795979
2025-02-26,109782.50455576196,0.9295573487526204
2025-02-27,109276.05886827767,0.9292308785512912
2025-02-28,110745.94744417386,0.9301701700156232
2025-03-03,110830.09782111856,0.920134190870108
2025-03-04,109550.44543700849,0.9192012829968971
2025-03-05,109682.42214429323,0.9192985050349815
2025-03-06,107287.7234982443,0.9174972200936524
2025-03-07,107445.5777590237,0.9176184295059521
2025-03-10,105333.07030822162,0.9159662258725803
2025-03-11,105601.14357494716,0.9161795493990402
2025-03-12,105626.17346011443,0.9161994120541425
2025-03-13,105461.93461571977,0.9160689070356828
2025-03-14,107060.72672866024,0.9173222926006988
2025-03-17,107581.18477482954,0.917722272189554
2025-03-18,107272.43991123687,0.9174854655515157
2025-03-19,107602.51814708085,0.917738584646043
2025-03-20,107374.27788758087,0.9175637255721883
2025-03-21,107371.38715107324,0.9175615061582983
2025-03-24,108204.63161535298,0.9181963349785779
2025-03-25,108744.91038621851,0.9186027612051764
2025-03-26,108270.51085419944,0.9182461099648039
2025-03-27,108669.12271212446,0.9185459934016644
2025-03-28,107117.1861376403,0.9173658704304001
2025-03-31,107079.38859468042,0.9173367017257282
2025-04-01,107453.88136262384,0.8801543277312365
2025-04-02,107772.11731080567,0.8805082151939829
2025-04-03,105027.23885146428,0.8773853069868448
2025-04-04,100070.89906318704,0.871312411796558
2025-04-07,99351.64475706124,0.8703807804965771
2025-04-08,99390.47249376336,0.8704314173513996
2025-04-09,103439.46171510665,0.8755031934982422
2025-04-10,102510.22366710586,0.8743746507508211
2025-04-11,101480.10992711637,0.8730994412694213
2025-04-14,101664.5409159439,0.8733296532520711
2025-04-15,101888.00040233198,0.8736074650700784
2025-04-16,101768.65459666793,0.8734592424275475
2025-04-17,101191.77906149016,0.8727378570746716
2025-04-22,100916.56176117093,0.8723907907180943
2025-04-23,102445.36301830126,0.8742951142894475
2025-04-24,103692.13527252621,0.8758065631887544
2025-04-25,103587.7164390388,0.8756813733086758
2025-04-28,104043.73877652835,0.8762262602130096
2025-04-29,104033.60998661262,0.8762142095093232
2025-04-30,104282.04108469975,0.8765091043880512
2025-05-02,106059.50670891706,0.7902164557173388
2025-05-05,106023.08122954637,0.790144382107744
2025-05-06,106146.81081736746,0.7903889994344804
2025-05-07,105887.49663290544,0.7898756705959079
2025-05-08,106288.47496797281,0.7906683746382511
2025-05-09,107040.93595778293,0.7921399040172579
2025-05-12,107568.91931854552,0.7931601492027692
2025-05-13,108890.65171304796,0.7956708048648659
2025-05-14,107929.74772119452,0.7938516517268009
2025-05-15,108825.09873615054,0.7955477230835146
2025-05-16,109053.77168257875,0.7959764354869933
2025-05-19,109510.99226610607,0.7968282565808364
2025-05-20,109397.62982244315,0.7966177214407731
2025-05-21,108452.83076683347,0.7948459338041404
2025-05-22,108049.80672019601,0.794080712426591
2025-05-23,108422.00125677176,0.7947875987865732
2025-05-27,108715.01884330745,0.7953407039892445
2025-05-28,108649.35514495778,0.7952170153924759
2025-05-29,109656.0312148926,0.7970969861323455
2025-05-30,108535.18055555847,0.7950015920333047
2025-06-02,109232.87676038814,0.8502471466542615
2025-06-03,108363.56667121388,0.8490458050013877
2025-06-04,109084.2637544089,0.8500431280275255
2025-06-05,108547.93835878785,0.8493022048934453
2025-06-06,108411.01691081382,0.8491118758945996
2025-06-09,108919.39433215834,0.8498161408780266
2025-06-10,108829.72658189487,0.8496924003413524
2025-06-11,108845.19056887417,0.8497137550264042
2025-06-12,108709.6017215727,0.8495263094061597
2025-06-13,107401.02404505941,0.8476929329168345
2025-06-16,107989.62574740601,0.8485230885761778
2025-06-17,107462.19458173358,0.8477796304300298
2025-06-18,108037.72324853965,0.8485905248447315
2025-06-20,107587.91119750151,0.8479575001321207
2025-06-23,108297.48554183694,0.8489536955342124
2025-06-24,108051.51847378207,0.8486098556958209
2025-06-25,107987.56543414378,0.8485201985222324
2025-06-26,108174.32285602043,0.8487817206325028
2025-06-27,108069.15471491696,0.848634561663934
2025-06-30,108249.16177705706,0.848886266595567
2025-07-01,107561.84537103731,0.7304656269385181
2025-07-02,107907.83113503491,0.7313298372095095
2025-07-03,108190.68686883958,0.7320322534548159
2025-07-07,108060.16547931425,0.7317085863340789
2025-07-08,108406.03240429709,0.7325645638492218
2025-07-09,109004.10032097742,0.7340318898825932
2025-07-10,109195.74344736419,0.7344986751118786
2025-07-11,109209.01850020242,0.73453094849154
2025-07-14,109508.11769924572,0.7352560233293254
2025-07-15,109083.89775689357,0.7342264518084066
2025-07-16,109702.88820585213,0.7357260594359446
2025-07-17,110084.19516939647,0.7366414450974857
2025-07-18,110065.5373368054,0.7365968016973108
2025-07-21,110201.7907506479,0.7369224732198996
2025-07-22,109932.37484164754,0.7362777380259485
2025-07-23,110366.22743127754,0.7373144372858899
2025-07-24,109923.99552632106,0.7362576349357988
2025-07-25,109986.95722887907,0.7364086134587029
2025-07-28,109384.07788497568,0.7349558078470514
2025-07-29,110466.42300767169,0.7375526991092562
2025-07-30,110175.14654804755,0.7368588518756788
2025-07-31,110442.80523073833,0.7374965757448031
2025-08-01,109754.35374105464,0.7101134017855243
2025-08-04,109967.83210671434,0.7106761528739828
2025-08-05,109740.540180199,0.7100769123882688
2025-08-06,110131.60937815759,0.7111064078254296
2025-08-07,109732.74472758244,0.7100563161505865
2025-08-08,110002.32373138932,0.7107668714079745
2025-08-11,109848.31308547893,0.7103613578438428
2025-08-12,110743.62494649414,0.7127029545890824
2025-08-13,110800.7125205661,0.7128509779274478
2025-08-14,110424.92603019212,0.7118737825867014
2025-08-15,110678.10296479634,0.712532873324162
2025-08-18,110238.46336299252,0.7113864319710446
2025-08-19,109962.98132969163,0.7106633899836646
2025-08-20,110196.50178270572,0.7112765311918838
2025-08-21,109910.48200246229,0.7105251868105739
2025-08-22,111431.33141194348,0.7144760289401657
2025-08-25,110187.36554597906,0.711252591551014
2025-08-26,110974.4367820154,0.7133004936288289
2025-08-27,110829.76993084206,0.7129262628166062
2025-08-28,111077.55733990161,0.7135666555228308
2025-08-29,110585.3974261584,0.7122918849528268
2025-09-02,110293.81417161674,0.7101306111226529
2025-09-03,111229.51342162007,0.7125690877591849
2025-09-04,111286.07485083312,0.712715175247832
2025-09-05,111367.60743287945,0.7129254973880369
2025-09-08,111491.89649780671,0.7132455226330536
2025-09-09,111094.37825748017,0.7122194568947453
2025-09-10,111802.47821207269,0.7140421122845383
2025-09-11,112575.79839583355,0.7160064510627403
2025-09-12,112396.39887149412,0.7155531597820022
2025-09-15,112848.20988996892,0.7166920012107332
2025-09-16,112491.19594889303,0.7157928650220484
2025-09-17,111635.26081581341,0.7136137786821071
2025-09-18,112175.30279553683,0.7149925187262318
2025-09-19,112598.92296309368,0.7160647751368169
2025-09-22,113235.09343637124,0.71765996264362
2025-09-23,112566.6243615554,0.7159833059558536
2025-09-24,112368.23572493855,0.7154818681220714
2025-09-25,112470.78523957625,0.7157412883463328
2025-09-26,113483.02224747755,0.7182767970246856
2025-09-29,113800.43682075883,0.7190625853112165
2025-09-30,113829.07753612872,0.7191332724212679
2025-10-01,114141.44225665569,0.720114765274604
2025-10-02,114411.44063915533,0.7207752635625307
2025-10-03,114718.40143296577,0.7215224065289401
2025-10-06,115037.23358932804,0.7222942228257568
2025-10-07,114558.03170577079,0.7211325658950719
2025-10-08,115634.73458593598,0.7237291677773714
2025-10-09,115307.42728108735,0.722944955835129
2025-10-10,114022.32747537279,0.7198223798334646
2025-10-13,115112.19353542948,0.7224750621395575
2025-10-14,115092.33663535872,0.722427180715656
2025-10-15,115147.65229932219,0.7225605236409378
2025-10-16,114889.03941969873,0.7219360130499812
2025-10-17,114230.13843846248,0.7203320875330167
2025-10-20,115693.53691150708,0.7238695850198192
2025-10-21,114904.11136243332,0.7219724866316326
2025-10-22,114842.40348612145,0.7218230950577416
2025-10-23,115350.57673180799,0.7230485944411406
2025-10-24,115731.55499118441,0.7239602944907053
2025-10-27,116088.33497473819,0.7248086608800863
2025-10-28,115814.60102067975,0.7241582315497944
2025-10-29,115536.07962831404,0.7234932632241551
2025-10-30,115354.56285434146,0.7230581646064729
2025-10-31,115619.22914276205,0.7236921176973683
2025-11-03,115918.014079094,0.720042704691265
2025-11-04,114759.38295328403,0.7172162060826561
2025-11-05,115525.28759863215,0.7190909940697064
2025-11-06,114793.35837163076,0.7172999016712887
2025-11-07,114830.66366062254,0.7173917430708762
2025-11-10,116216.69188166455,0.7207621971189238
2025-11-11,116207.65029061468,0.7207404708899449
2025-11-12,116429.45603014372,0.7212724785835886
2025-11-13,115340.91414482209,0.7186419585820504
2025-11-14,114651.57651429107,0.7169503055625411
2025-11-17,113787.49263039663,0.7148008717921787
2025-11-18,113542.2326111556,0.7141848195791547
2025-11-19,113296.2742579083,0.7135643346464431
2025-11-20,112636.43597601201,0.7118863588150616
2025-11-21,112841.44375745486,0.7124097971584215
2025-11-24,113861.07729191773,0.7149851865888978
2025-11-25,114421.99850316021,0.7163823904172874
2025-11-26,115023.75790344823,0.7178661670366957
2025-11-28,115382.59452930365,0.7187435953270995
2025-12-01,114880.51384341932,0.6601543788691923
2025-12-02,115012.19289453878,0.6605434728234186
2025-12-03,115170.2166540323,0.6610092373080876
2025-12-04,114967.52918708752,0.6604115974397393
2025-12-05,115211.43341747209,0.6611305108801601
2025-12-08,115150.29270073288,0.6609505832138044
2025-12-09,115320.27955448159,0.6614503560538242
2025-12-10,115838.74538309875,0.6629656212709681
2025-12-11,115807.18038930895,0.662873757467396
2025-12-12,115047.11623052284,0.6606465171650676
2025-12-15,115056.9768085755,0.6606756003341006
2025-12-16,114570.58733530578,0.6592350576969398
2025-12-17,114331.99112457695,0.6585239249406304
2025-12-18,114682.57119024303,0.6595678037408287
2025-12-19,115410.67355348068,0.6617155209231881
2025-12-22,116123.79726302432,0.6637929476719351
2025-12-23,116268.65480591124,0.6642118234865974
2025-12-29,116032.35058712869,0.6635279783147472
2025-12-30,116241.05257273087,0.6641320882868362
2026-01-02,116226.36928790074,0.6640896569156836
2026-01-05,117824.12774386408,0.6686447815865424
2026-01-06,118250.63574477451,0.6698399180938995
2026-01-07,118119.9895973792,0.6694747458409068
2026-01-08,118262.46202400883,0.6698729341943073
2026-01-09,119003.26920598382,0.6719280079997998
2026-01-12,119856.8566989241,0.6742644462885061
2026-01-13,119510.23986734479,0.6733197119654429
2026-01-14,120064.19307618414,0.6748269522940101
2026-01-15,120017.6327292542,0.6747008027477379
2026-01-16,120194.44034087972,0.6751793221698239
2026-01-20,119440.22906405386,0.673128225817402
2026-01-21,119438.25353029495,0.6731228192897138
2026-01-22,120285.75438099139,0.6754259073831531
2026-01-23,120379.86848391214,0.6756796624332513
2026-01-26,120265.73373442123,0.6753718755073033
2026-01-27,121116.74896380818,0.6776528439133588
2026-01-28,120566.15413967779,0.6761807668036517
2026-01-29,120841.13814443682,0.6769176442522561
2026-01-30,118194.632953336,0.6696834821733648
2026-02-02,118683.46080291532,0.6600332016535791
2026-02-03,119481.48252963269,0.6623038538559044
2026-02-04,119065.29229116152,0.6611234440413396
2026-02-05,117601.61391226441,0.6569057613789073
2026-02-06,119501.85146572063,0.6623614137274343
2026-02-09,120236.55456740168,0.6644245476676421
2026-02-10,119425.3060406551,0.6621450049112327
2026-02-11,119702.53203019162,0.6629274627569007
2026-02-12,118344.08369017826,0.6590582737412441
2026-02-13,118848.18228852758,0.6605043896431987
2026-02-17,118647.30434580268,0.65992960052221
2026-02-18,119386.96232068201,0.6620364954302025
2026-02-19,119816.2744044524,0.6632474479248147
2026-02-20,120870.13763577756,0.6661835836786794
2026-02-23,120260.4878317739,0.6644913311653835
2026-02-24,120919.48798140718,0.6663198227233306
2026-02-25,121286.8920952843,0.6673306118344439
2026-02-26,121021.16022326038,0.6666001539614637
2026-02-27,121159.07669415619,0.6669796660163376
2026-03-02,121059.4141760038,0.7101286188000092
2026-03-03,119392.31402831926,0.7060810833590478
2026-03-04,120675.9001176015,0.7092073930232772
2026-03-05,119334.28134187963,0.7059381495420732
2026-03-06,119034.02200485376,0.7051963883650924
2026-03-09,120209.72260369259,0.7080796891100886
2026-03-10,119806.8348188852,0.7070980161732104
2026-03-11,119316.39499632688,0.7058940676548244
2026-03-12,118710.27014938314,0.7043923870251397
2026-03-13,118167.00545915039,0.7030333513309608
2026-03-16,119752.34490434921,0.7069647394170945
2026-03-17,119492.00144197623,0.706326288195114
2026-03-18,117721.80838156509,0.7019102910760653
2026-03-19,117459.81246333345,0.7012453973956901
2026-03-20,114911.43334738951,0.6946199470998318
2026-03-23,115891.00343957462,0.6972011756481452
2026-03-24,115201.77353853142,0.6953895889222323
2026-03-25,115925.01368806243,0.6972900112059803
2026-03-26,114534.52027866064,0.6936149947711615
2026-03-27,113893.1357044761,0.6918896000412708
2026-03-30,114157.32104612145,0.6926026357934385
2026-03-31,116461.25429222814,0.6986838257262205
2026-04-01,116843.68869419131,0.7101023501610183
2026-04-02,116502.91020985827,0.7092543809425165
2026-04-07,117208.96290508742,0.7110057975822818
2026-04-08,118359.99424885675,0.7138162183436332
2026-04-09,118687.80917623245,0.7146066560157995
2026-04-10,118344.72077764338,0.7137792837028469
2026-04-13,119267.4205782107,0.7159936000397417
2026-04-14,119589.120694652,0.7167575900365456
2026-04-15,119593.89833563536,0.7167689052504895
2026-04-16,119554.32869696163,0.7166751624960235
2026-04-17,120725.71703420651,0.7194242321926642
2026-04-20,120608.7790295479,0.7191521958557827
2026-04-21,119170.69414641446,0.7157630825801244
2026-04-22,120225.70130285627,0.7182573244830893
2026-04-23,119957.45568816939,0.7176272991399876
2026-04-24,120445.08113884188,0.7187704933178863
2026-04-27,120216.88690802961,0.7182366668929171
2026-04-28,119531.40558104629,0.716620827921271
2026-04-29,119333.24379773068,0.7161502555953498
2026-04-30,120659.1619361202,0.7192694677516767
2026-05-04,119872.16848458236,0.8605122947038634
2026-05-05,120983.218023225,0.8617932802252258
2026-05-06,122480.79683898986,0.8634831406855814
2026-05-07,121520.664112397,0.8624045232725117
2026-05-08,122250.04509799206,0.8632254597748129
2026-05-11,122320.84894948485,0.863304629959759
2026-05-12,121791.26687329423,0.8627102407253743
2026-05-13,122758.15255795376,0.863791582372564
2026-05-14,123037.5598504023,0.8641008995048629
2026-05-15,121881.99158063208,0.8628124344380724
2026-05-18,122512.13562489161,0.8635180619005632
2026-05-19,121309.478490282,0.8621649856311456
2026-05-20,122701.3390296037,0.8637285147576741
2026-05-21,122778.57044824123,0.8638142336260947
2026-05-22,122922.01248277919,0.8639731536031535
2026-05-26,123437.67116847204,0.8645414033454563
2026-05-27,122992.49260865842,0.8640511029889547
2026-05-28,123515.44147571237,0.8646266935452426
2026-05-29,123354.8743319079,0.8644504823879412
2026-06-01,123221.16281638044,0.7302792359248023
2026-06-02,123778.73824684674,0.7314942238400532
2026-06-03,123104.3091018173,0.7300232101739008
2026-06-04,123539.98843837997,0.7309753173431307
2026-06-05,120957.93059427693,0.7252325166131688
2026-06-08,121947.27725857266,0.7274616790779386
2026-06-09,121536.627028911,0.7265408214993287
2026-06-10,120126.33276004987,0.7233303854246896
2026-06-11,122015.25917853485,0.7276135263013457
2026-06-12,121981.15884979561,0.7275373795555299
2026-06-15,122974.90092469986,0.7297391098902437
2026-06-16,122864.03757541094,0.7294952466081097
2026-06-17,121824.67186733379,0.7271873941818494
2026-06-18,123316.87697582181,0.7304885835571009
2026-06-22,123473.92573292114,0.7308313800845879
2026-06-23,122126.81392750543,0.7278623332890926
2026-06-24,122101.60390259874,0.7278061456786391
2026-06-25,122652.12813194108,0.7290278881315772
2026-06-26,122308.42833795387,0.7282664274514666
2026-06-29,122842.39265815861,0.7294475834775175
2026-06-30,123088.3486743075,0.7299882032457086
2026-07-01,122659.56448078492,0.8102050872063656
2026-07-02,123314.1165374593,0.8112125197210175
2026-07-06,123606.08665021129,0.8116584548961938
2026-07-07,122703.90505879359,0.8102736719521595
2026-07-08,122604.2234698374,0.8101194177077999
2026-07-09,123121.6858584768,0.810917457947292
2026-07-10,123223.07455340777,0.8110730362125027
2026-07-13,122592.02705068346,0.8101005268938821
2026-07-14,123421.29999920593,0.8113764695065963
2026-07-15,123296.52941387979,0.8111855909115716
2026-07-16,122149.8179223405,0.8094130491562694
2026-07-17,121984.70937413466,0.8091550862122068
2026-07-20,121924.86515284932,0.8090614140540495
2026-07-21,123021.30396565278,0.8107631719589357
2026-07-22,123223.56221001074,0.8110737838899739
2026-07-23,122154.08214469945,0.8094197022711129
2026-07-24,122541.58932521247,0.8100223648793011
2026-07-27,122459.15916855432,0.8098944864394125
2026-07-28,122451.76833739366,0.8098830122257485
2026-07-29,121557.96268663894,0.8084850977311206
2026-07-30,122705.35958652291,0.8102759209346494
2026-07-31,122303.86197384463,0.8096530970631627
2026-08-03,122759.46042802352,0.850107152553949
2026-08-04,124326.03123755274,0.8519958781653821
2026-08-05,124504.11988957401,0.8522075808349363
2026-08-06,124159.41481523203,0.8517972632048856
2026-08-07,125237.76828776792,0.8530733553777764
2026-08-10,125025.37943194562,0.8528237613986747
2026-08-11,124966.87234349306,0.8527548563116825
2026-08-12,125445.36375058707,0.8533164995154223
2026-08-13,125830.90634120713,0.8537659339065622
2026-08-14,125789.58700313483,0.8537178989701374
2026-08-17,125392.52446415153,0.8532546884024346
2026-08-18,124352.81388902084,0.8520277547485247
2026-08-19,125018.88613172896,0.8528161172776016
2026-08-20,124014.82299876571,0.8516244701274105
2026-08-21,124529.31520758031,0.8522374828463107
2026-08-24,124418.69465056987,0.8521061073163012
2026-08-25,124936.59605154945,0.852719173916784
2026-08-26,124725.16196075398,0.8524695034648482
2026-08-27,125210.07129171802,0.8530408545840803
2026-08-28,124662.14288588258,0.8523949240039811
2026-08-31,124993.17324210881,0.8527858394405635
2026-09-01,123851.28045596747,0.8500338164104729
2026-09-02,124365.78824593373,0.8506542343789236
2026-09-03,125409.50500260646,0.85189715993001
2026-09-04,124872.90403794937,0.8512607358197334
2026-09-08,124536.60712223129,0.8508590823866918
2026-09-09,124107.55501948723,0.850343487471482
2026-09-10,123142.00826589965,0.8491700425856951
2026-09-11,123956.58778463154,0.8501612201932488
2026-09-14,123303.79354774953,0.8493679445842434
2026-09-15,123467.7574664445,0.8495679824126923
2026-09-16,123195.07662917869,0.8492350151413559
2026-09-17,124868.6393240342,0.8512556558379772
2026-09-18,124802.89355896627,0.8511772977933232
