lookback_sessions,cost_multiplier,policy,total_return,annual_vol,max_drawdown,daily_es975,fees_eur,gross_turnover,fills,unfilled_signal
126,0.0,trend,0.17834849246987483,0.10572947515786514,-0.1128549412030776,0.020441043980131503,0.0,3.7997581347349705,23,
126,1.0,trend,0.16682955215824213,0.10564345736332831,-0.11317897171005464,0.020444619504078457,1058.3034202203257,3.800562290993065,23,
126,2.0,trend,0.15540479730283963,0.10560756617916878,-0.11350212988003083,0.020448192088683828,2107.640763607044,3.801695498414781,23,
189,0.0,trend,0.24925017775437408,0.11035840288946049,-0.11165808281223177,0.020625011382544613,0.0,3.8210415063350096,23,
189,1.0,trend,0.23706817794170032,0.11028565642288178,-0.11200456962461225,0.020629303780458113,1069.415858429072,3.8214819933778355,23,
189,2.0,trend,0.2249835071671531,0.11026849680433118,-0.11235040141627461,0.02063359436837465,2129.8174347583536,3.8226745844429075,23,
252,0.0,trend,0.25661269652539453,0.1131648629988935,-0.11233317759929395,0.0207024954908484,0.0,2.63457906818301,23,
252,1.0,trend,0.2480289355896661,0.11322080191422655,-0.11263612479935814,0.020706222271401807,752.5210696447197,2.634981977306323,23,
252,2.0,trend,0.2394878003817531,0.11331066951712747,-0.11293850338696998,0.020709950236165082,1501.0457065447529,2.6361344790000465,23,
