growth,discount,value,upside
0.02,0.07,222.70287384498414,0.020168899366356907
0.02,0.08,178.30631876072113,-0.18320514764974327
0.02,0.09,148.70431364487413,-0.31880755123206705
0.02,0.1,127.55650964996207,-0.4156825109172395
0.02,0.11,111.69272379741409,-0.48835216566198436
0.05,0.07,254.7967757625176,0.16718631333278822
0.05,0.08,203.52356108416714,-0.06768869336244243
0.05,0.09,169.35086199723742,-0.22422876944676362
0.05,0.1,144.94950556257808,-0.3360077712494979
0.05,0.11,126.65492423167633,-0.41981254026072046
0.08,0.07,290.6265731663309,0.33131731151384747
0.08,0.08,231.64764175300203,0.06114355709871222
0.08,0.09,192.3542197951171,-0.1188537924595865
0.08,0.1,164.30861375172546,-0.2473265622778359
0.08,0.11,143.29202903820612,-0.34360042585875583
0.11,0.07,330.5153975201459,0.5140421113131288
0.11,0.08,262.9287831945746,0.2044378356340908
0.11,0.09,217.91629295642184,-0.001757719147832515
0.11,0.1,185.80146379346576,-0.14887099772777745
0.11,0.11,161.7461561068325,-0.2590648014398639
0.14,0.07,374.8046313427832,0.7169245355160114
0.14,0.08,297.6313012322188,0.36340493390488837
0.14,0.09,246.25032756942693,0.12803629925301574
0.14,0.1,209.60507390467274,-0.03983018335104449
0.14,0.11,182.1673608108739,-0.1655182855509033
