date,index,realised_loss,historical_var5,ewma_var5,historical_var1,ewma_var1
2024-09-30,748,0.0014382815992545156,0.009341456479444375,0.013130819028451741,0.013249836786885868,0.01857116793295976
2024-10-01,749,-0.0018940549277643333,0.009341456479444375,0.01274398343717878,0.013249836786885868,0.01802405897407382
2024-10-02,750,-0.00601234280926767,0.009341456479444375,0.012379294251506986,0.013249836786885868,0.017508272099258912
2024-10-03,751,0.002396447996926199,0.009341456479444375,0.012244188534638692,0.013249836786885868,0.017317189505612063
2024-10-04,752,-0.005079255255165895,0.009341456479444375,0.011910382607494049,0.013249836786885868,0.016845081412690498
2024-10-07,753,0.00033627370755314227,0.009341456479444375,0.011727479396870416,0.013249836786885868,0.01658639791148551
2024-10-08,754,-0.0001776868931290083,0.009341456479444375,0.011371020323438164,0.013249836786885868,0.016082251041469733
2024-10-09,755,-0.0006316422697009847,0.009341456479444375,0.011024845680187531,0.013249836786885868,0.015592649637321983
2024-10-10,756,-0.0010109329148235643,0.009341456479444375,0.010692013612674172,0.013249836786885868,0.015121918892661524
2024-10-11,757,-0.00607903216127492,0.009341456479444375,0.010374290690730077,0.013249836786885868,0.014672557300913948
2024-10-14,758,-0.006201053529501079,0.009341456479444375,0.010352163767101099,0.013249836786885868,0.014641262770567962
2024-10-15,759,0.0033394344767135402,0.009341456479444375,0.010343086737482939,0.013249836786885868,0.014628424954358172
2024-10-16,760,-0.005195660519722883,0.009341456479444375,0.010117854570297413,0.013249836786885868,0.01430987480210616
2024-10-17,761,-0.0029343246825397937,0.009341456479444375,0.010030497137681529,0.013249836786885868,0.014186323518078369
2024-10-18,762,-0.007608351298931726,0.009341456479444375,0.009796527274095669,0.013249836786885868,0.01385541547506218
2024-10-21,763,0.0072394875405412985,0.009341456479444375,0.009980509957412608,0.013249836786885868,0.01411562569509735
2024-10-22,764,-0.004086541754024746,0.009246798228760978,0.010106523903431038,0.013249836786885868,0.014293849623729097
2024-10-23,765,0.005541015723637955,0.009246798228760978,0.009936007335770401,0.013249836786885868,0.014052684788046265
2024-10-24,766,-0.006054050042422612,0.009246798228760978,0.009888622847113261,0.013249836786885868,0.013985668001480064
2024-10-25,767,0.0070890018206893534,0.009246798228760978,0.009892800777124596,0.013249836786885868,0.013991576927624313
2024-10-28,768,-0.0070784130553017705,0.009246798228760978,0.010007662613896727,0.013249836786885868,0.014154028215328565
2024-10-29,769,0.0009376768434083097,0.009246798228760978,0.010113239547661542,0.013249836786885868,0.014303347687521804
2024-10-30,770,0.00246366298080796,0.009246798228760978,0.009812425096484443,0.013249836786885868,0.01387790006865155
2024-10-31,771,0.015148033409828204,0.009246798228760978,0.009565143219951873,0.013249836786885868,0.013528164591686006
2024-11-01,772,0.0009895071916411668,0.009341456479444375,0.011101880938816725,0.013849832655515126,0.015701602073697953
2024-11-04,773,0.0008780984896792562,0.009341456479444375,0.010771053736144568,0.013849832655515126,0.015233706847642097
2024-11-05,774,-0.008785453950999885,0.009341456479444375,0.0104489152718336,0.013849832655515126,0.014778100270061371
2024-11-06,775,0.0009530398064963354,0.009341456479444375,0.010731195326863745,0.013849832655515126,0.015177334338761204
2024-11-07,776,-0.028851659858102743,0.009341456479444375,0.01041136322516039,0.013849832655515126,0.014724989693829727
2024-11-08,777,0.006031831699235079,0.009253231529257923,0.01539549688409145,0.013849832655515126,0.021774145042004516
2024-11-11,778,-0.010936168047262735,0.009253231529257923,0.015123035114283546,0.013849832655515126,0.021388797161461026
2024-11-12,779,0.002516643972810057,0.009253231529257923,0.01531008694772111,0.013849832655515126,0.0216533481390817
2024-11-13,780,-0.0030668181754279376,0.009253231529257923,0.01487827172988991,0.013849832655515126,0.02104262363598904
2024-11-14,781,-6.025532742322053e-05,0.009253231529257923,0.014477844809453064,0.013849832655515126,0.020476292200897486
2024-11-15,782,0.000603229627801305,0.009253231529257923,0.01403681232647696,0.013849832655515126,0.019852531543813386
2024-11-18,783,-0.0056630073638378325,0.009253231529257923,0.013611364547021398,0.013849832655515126,0.019250812630327935
2024-11-19,784,0.0012051822528998106,0.008912711812785074,0.01339249940937166,0.013849832655515126,0.018941267489453132
2024-11-20,785,0.0021224549386110194,0.008912711812785074,0.01299358612219564,0.013849832655515126,0.01837707681476767
2024-11-21,786,-0.010288862287194639,0.008912711812785074,0.012626739953554164,0.013849832655515126,0.017858239277776116
2024-11-22,787,-0.011720538903312872,0.008912711812785074,0.012924903461755344,0.013849832655515126,0.018279937617406455
2024-11-25,788,0.002257058384569723,0.008912711812785074,0.013391405435593013,0.013849832655515126,0.018939720261461224
2024-11-26,789,-0.0044445714833792685,0.008912711812785074,0.01301525751595375,0.013849832655515126,0.018407727080524218
2024-11-27,790,0.001703550123944065,0.008912711812785074,0.012745189910242276,0.013849832655515126,0.018025765311951162
2024-11-29,791,-0.0005324207496924929,0.008912711812785074,0.012375967703622643,0.013849832655515126,0.017503567299104156
2024-12-02,792,-0.0013114545615008394,0.008912711812785074,0.012000863249379138,0.013849832655515126,0.016973049911189263
2024-12-03,793,-0.006127094753043847,0.008912711812785074,0.011647260346487654,0.013849832655515126,0.01647294257767481
2024-12-04,794,-0.005180830005411334,0.008912711812785074,0.011559123179009175,0.013849832655515126,0.01634828849975084
2024-12-05,795,0.00011553266654871293,0.008912711812785074,0.011399723610012354,0.013849832655515126,0.01612284664742867
2024-12-06,796,0.005438087396644515,0.008912711812785074,0.011052540127241663,0.013849832655515126,0.01563181842229559
2024-12-09,797,0.0025881059655892195,0.008912711812785074,0.010937538731753236,0.013849832655515126,0.015469169754035622
2024-12-10,798,0.002262815675181789,0.008912711812785074,0.01065548307595386,0.013849832655515126,0.015070253057450174
2024-12-11,799,-0.008062805711442914,0.008912711812785074,0.010371024910866163,0.013849832655515126,0.014667938446130145
2024-12-12,800,0.002821047817519449,0.008912711812785074,0.010566821758311496,0.013849832655515126,0.014944857663946836
2024-12-13,801,-0.0008403487426106724,0.008912711812785074,0.010307771441355123,0.013849832655515126,0.01457847785710774
2024-12-16,802,0.0007451651041255286,0.008912711812785074,0.009999488985846145,0.013849832655515126,0.014142468097195797
2024-12-17,803,0.003628414207493806,0.008912711812785074,0.009699511934824009,0.013849832655515126,0.01371820482934517
2024-12-18,804,0.017003836419401164,0.008912711812785074,0.00951697808637096,0.013849832655515126,0.01346004372410673
2024-12-19,805,-0.010086467670485204,0.008912711812785074,0.011492336570458301,0.014671346468359376,0.016253830924759998
2024-12-20,806,-0.003650248869461972,0.008912711812785074,0.011860209809931006,0.014671346468359376,0.01677412106762819
2024-12-23,807,0.004197409128444619,0.008912711812785074,0.011592569741814064,0.014671346468359376,0.01639559261180082
2024-12-27,808,-0.0017873878489020794,0.008543918505744694,0.011365932791044198,0.014671346468359376,0.016075055647317392
2024-12-30,809,0.006262499512048816,0.008543918505744694,0.01104318683527991,0.014671346468359376,0.01561858988298122
2025-01-02,810,-0.007236985849529739,0.008543918505744694,0.0110000619663229,0.014671346468359376,0.01555759755784505
2025-01-03,811,-0.012673034750598559,0.008543918505744694,0.01105636846461451,0.014671346468359376,0.015637232912899802
2025-01-06,812,-0.00028467609248858296,0.008543918505744694,0.01187351028339155,0.014671346468359376,0.016792932181062047
2025-01-07,813,0.011645546217175515,0.008543918505744694,0.011512366706061938,0.014671346468359376,0.016282159927787844
2025-01-08,814,-0.005849904782951172,0.008912711812785074,0.012107760184566434,0.014671346468359376,0.01712423628658447
2025-01-10,815,0.003740141417620968,0.008912711812785074,0.01197318805054696,0.014671346468359376,0.01693390834934329
2025-01-13,816,-0.0024757516793385654,0.008912711812785074,0.011705836726374637,0.014671346468359376,0.016555788269587018
2025-01-14,817,-0.0021045968383540956,0.008912711812785074,0.011392980708966409,0.014671346468359376,0.01611331003380173
2025-01-15,818,-0.007356726159864803,0.008912711812785074,0.011078403910643029,0.014671346468359376,0.01566839806472975
2025-01-16,819,-0.005000192876199768,0.008912711812785074,0.01114238943842217,0.014671346468359376,0.015758894017730906
2025-01-17,820,-0.0052843939878333395,0.008912711812785074,0.0109891901494951,0.014671346468359376,0.015542221339833975
2025-01-21,821,0.0008788199377542751,0.008912711812785074,0.010865066541042577,0.014671346468359376,0.015366670951695808
2025-01-22,822,-0.0031041304035189596,0.008912711812785074,0.010540022017613157,0.014671346468359376,0.014906954279246291
2025-01-23,823,-0.0035804279380850916,0.008912711812785074,0.010295179284684418,0.014671346468359376,0.014560668529626866
2025-01-24,824,-0.00042391057183409873,0.008912711812785074,0.010085251140346687,0.014671346468359376,0.01426376314894169
2025-01-27,825,0.0130252865340919,0.008912711812785074,0.009779505321212507,0.014671346468359376,0.013831341002262337
2025-01-28,826,-0.0026829742064013386,0.009253231529257923,0.010837040225245242,0.014671346468359376,0.015327032798425498
2025-01-29,827,-0.0016926382550552007,0.009253231529257923,0.010562361545245053,0.014671346468359376,0.014938549499490816
2025-01-30,828,-0.008356010784303885,0.009253231529257923,0.010263272352718367,0.014671346468359376,0.014515541946853687
2025-01-31,829,0.0006215279984980492,0.009253231529257923,0.010504723216706043,0.014671346468359376,0.014857030511501284
2025-02-03,830,-0.008343907583480076,0.009253231529257923,0.010187785131018328,0.014671346468359376,0.01440877892864847
2025-02-04,831,0.0019465998664146404,0.009253231529257923,0.010433850338829707,0.014671346468359376,0.014756793647823422
2025-02-05,832,0.0013840282722615352,0.009253231529257923,0.010146350965757622,0.014671346468359376,0.014350177798014405
2025-02-06,833,0.0019350287593373717,0.009253231529257923,0.009853044469378413,0.014671346468359376,0.013935348822892308
2025-02-07,834,0.0027920846482369288,0.009253231529257923,0.009584642094022718,0.014671346468359376,0.013555742221389734
2025-02-10,835,-0.012039515760502167,0.009253231529257923,0.009360499158026832,0.014671346468359376,0.013238732589595497
2025-02-11,836,-0.0009265254224897239,0.009253231529257923,0.010290379461296784,0.014671346468359376,0.014553880047812658
2025-02-12,837,0.00493717637711581,0.009253231529257923,0.009983874458975679,0.014671346468359376,0.01412038417386422
2025-02-13,838,-0.005508783276983159,0.009253231529257923,0.009882006724929275,0.014671346468359376,0.01397631069361697
2025-02-14,839,0.003910977613484114,0.009253231529257923,0.009834687149275411,0.014671346468359376,0.013909385714750064
2025-02-18,840,-0.00638552026191261,0.009253231529257923,0.009664409208807465,0.014671346468359376,0.013668558374059678
2025-02-19,841,-0.0034376531452951285,0.009253231529257923,0.00971678176307987,0.014671346468359376,0.013742629877014934
2025-02-20,842,-0.0013622732044527765,0.009253231529257923,0.009522040533197317,0.014671346468359376,0.013467203639262081
2025-02-21,843,0.013027479014943052,0.009253231529257923,0.00924826229685715,0.014671346468359376,0.01307999385497932
2025-02-24,844,0.000632684726236983,0.009473065630598366,0.01038984343605332,0.014671346468359376,0.014694553845424283
2025-02-25,845,0.0011810703817210471,0.009473065630598366,0.010076551788259516,0.014671346468359376,0.014251459489271357
2025-02-26,846,0.004535990019355837,0.009473065630598366,0.00978116170819411,0.014671346468359376,0.013833683661979955
2025-02-27,847,0.004669783143252875,0.009473065630598366,0.009657685211600743,0.014671346468359376,0.013659048496493303
2025-02-28,848,-0.01358640335014062,0.009473065630598366,0.0095506333527207,0.014671346468359376,0.013507643009562972
2025-03-03,849,-0.0006788405632008596,0.009473065630598366,0.010756707458722137,0.014671346468359376,0.01521341663370742
2025-03-04,850,0.011505214269041514,0.009473065630598366,0.010432600676514357,0.014671346468359376,0.014755026226562986
2025-03-05,851,-0.001149278388635642,0.009669351812767858,0.011126399572204298,0.014671346468359376,0.015736279244797535
2025-03-06,852,0.022253784994039426,0.009669351812767858,0.0107973782432179,0.014671346468359376,0.015270938100357708
2025-03-07,853,-0.0011944097087066207,0.009923345326225538,0.01378334157798801,0.0160944929447104,0.01949404302713505
2025-03-10,854,0.020525755114899496,0.009923345326225538,0.013372107568067393,0.0160944929447104,0.0189124269191503
2025-03-11,855,-0.0029788338624779725,0.01017420586427013,0.015377784877241148,0.01880001495410528,0.021749094612710355
2025-03-12,856,-0.0002746539754588965,0.01017420586427013,0.014957544655865847,0.01880001495410528,0.02115474084799587
2025-03-13,857,0.0016286032074725146,0.01017420586427013,0.01450229978772543,0.01880001495410528,0.020510879343352873
2025-03-14,858,-0.015823917390841206,0.01017420586427013,0.014075804055803455,0.01880001495410528,0.01990767829069565
2025-03-17,859,-0.0048070922954099975,0.01017420586427013,0.015062803804419357,0.01880001495410528,0.02130361087050033
2025-03-18,860,0.0028958522348822577,0.01017420586427013,0.014731801619744708,0.01880001495410528,0.020835468164059092
2025-03-19,861,-0.0035706004069045827,0.01017420586427013,0.014330587392139648,0.01880001495410528,0.020268023225415013
2025-03-20,862,0.0023156647540654132,0.01017420586427013,0.013968299814674867,0.01880001495410528,0.0197556329909182
2025-03-21,863,-6.565304221154263e-05,0.01017420586427013,0.0135748691484605,0.01880001495410528,0.019199196491686
2025-03-24,864,-0.008282559885659431,0.01017420586427013,0.013161350529476668,0.01880001495410528,0.018614349217504975
2025-03-25,865,-0.004697911742916456,0.01017420586427013,0.013189542271617262,0.01880001495410528,0.018654221336409454
2025-03-26,866,0.0045101455629363565,0.01017420586427013,0.01292706174232232,0.01880001495410528,0.018282990114799717
2025-03-27,867,-0.004181406553204696,0.01017420586427013,0.012664298811209167,0.01880001495410528,0.01791135948690929
2025-03-28,868,0.014786854148398842,0.01017420586427013,0.012393532422961954,0.01880001495410528,0.017528409416860773
2025-03-31,869,0.0005830253279975086,0.010945009902243789,0.013411855318986402,0.01880001495410528,0.01896864292179834
2025-04-01,870,-0.004166008052427205,0.010945009902243789,0.013005397770668359,0.01880001495410528,0.018393782254609362
2025-04-02,871,-0.0021963715319299054,0.010945009902243789,0.01272042972740897,0.01880001495410528,0.017990746512860888
2025-04-03,872,0.02637462370382334,0.010945009902243789,0.012364621821028586,0.01880001495410528,0.017487520600833063
2025-04-04,873,0.050022007605931305,0.011582396840515213,0.016019762000560694,0.021407050353260845,0.022657055109344466
2025-04-07,874,0.008987284358004576,0.012093532085521651,0.025444521218210572,0.024355412736029185,0.035986671927566966
2025-04-08,875,-0.0016652848818017269,0.012093532085521651,0.024933713179485978,0.024355412736029185,0.035264226370431084
2025-04-09,876,-0.042375416292046345,0.012093532085521651,0.024183441158466747,0.024355412736029185,0.03420310233334258
2025-04-10,877,0.007192666260741426,0.012093532085521651,0.02900422811015888,0.024355412736029185,0.041021233316254464
2025-04-11,878,0.01075499244673983,0.012093532085521651,0.028269572355952302,0.024355412736029185,0.03998219566333098
2025-04-14,879,-0.002540480377014077,0.012093532085521651,0.027748794357255854,0.024355412736029185,0.03924564940154591
2025-04-15,880,-0.0032454937464269818,0.012093532085521651,0.026922918753610248,0.024355412736029185,0.03807759777477351
2025-04-16,881,0.0010164414206504007,0.012093532085521651,0.026135470678635295,0.024355412736029185,0.03696389493512893
2025-04-17,882,0.005913318988881733,0.012093532085521651,0.025342588115356054,0.024355412736029185,0.03584250599496694
2025-04-22,883,0.0030793971982402213,0.012093532085521651,0.024685791576327,0.024355412736029185,0.03491358611588964
2025-04-23,884,-0.016841142282285972,0.012093532085521651,0.023965899873074646,0.024355412736029185,0.0338954295419794
2025-04-24,885,-0.012946418578864532,0.012093532085521651,0.024206278743971098,0.024355412736029185,0.03423540196634077
2025-04-25,886,0.00034661979155746605,0.012093532085521651,0.024041543693422093,0.024355412736029185,0.034002414040640076
2025-04-28,887,-0.00439807889707153,0.012093532085521651,0.023309559782833618,0.024355412736029185,0.0329671552271336
2025-04-29,888,0.001946479360173902,0.012093532085521651,0.022668821278606827,0.024355412736029185,0.03206094653311947
2025-04-30,889,-0.0029106310372614746,0.012093532085521651,0.02199222529704025,0.024355412736029185,0.031104023924620146
2025-05-02,890,-0.019428470665166633,0.012093532085521651,0.021354478221431855,0.024355412736029185,0.030202046065187716
2025-05-05,891,0.0005970008747370938,0.012093532085521651,0.022134314310158578,0.024355412736029185,0.03130498312741864
2025-05-06,892,-0.0020263559807822177,0.012093532085521651,0.021461361903518595,0.024355412736029185,0.03035321369646989
2025-05-07,893,0.003216558139117937,0.012093532085521651,0.020823573382112267,0.024355412736029185,0.029451177219454516
2025-05-08,894,-0.006497940729958497,0.012093532085521651,0.020230755522895612,0.024355412736029185,0.028612743608168324
2025-05-09,895,-0.008710145006755377,0.011582396840515213,0.01978839732023001,0.024355412736029185,0.027987107960428095
2025-05-12,896,-0.005157593793648852,0.011582396840515213,0.019503883090320463,0.024355412736029185,0.02758471405556061
2025-05-13,897,-0.014853076391145338,0.011582396840515213,0.019023552276608312,0.024355412736029185,0.026905373019369717
2025-05-14,898,0.010454134155822397,0.011582396840515213,0.019390581084732253,0.024355412736029185,0.027424468866866707
2025-05-15,899,-0.008950511685504864,0.011582396840515213,0.019265931386670914,0.024355412736029185,0.0272481744201552
2025-05-16,900,-0.0016660021647760875,0.011582396840515213,0.01902393965535512,0.024355412736029185,0.026905920896523845
2025-05-19,901,-0.004545705979900965,0.011582396840515213,0.01845660390274726,0.024355412736029185,0.026103527114900382
2025-05-20,902,0.0007384018824600844,0.011582396840515213,0.017987823784965516,0.024355412736029185,0.025440522448390714
2025-05-21,903,0.009056471558749578,0.011582396840515213,0.01744237959817427,0.024355412736029185,0.02466909032606778
2025-05-22,904,0.003827194422150625,0.011582396840515213,0.017300198776667004,0.024355412736029185,0.02446800127691279
2025-05-23,905,-0.00372672202208177,0.011582396840515213,0.016843895584573453,0.024355412736029185,0.02382264296450643
2025-05-27,906,-0.00238661078409348,0.011582396840515213,0.016399645081417193,0.024355412736029185,0.02319433100007069
2025-05-28,907,3.983806734129741e-06,0.011582396840515213,0.015929095685492476,0.024355412736029185,0.022528824009719523
2025-05-29,908,-0.010354890540701923,0.011582396840515213,0.015443831343693676,0.024355412736029185,0.021842505390607055
2025-05-30,909,0.012186583117295782,0.011582396840515213,0.015543716517962354,0.024355412736029185,0.021983774898726636
2025-06-02,910,-0.007408942366795055,0.011943116512241652,0.01584989486222192,0.024355412736029185,0.02241680877394488
2025-06-03,911,0.008605794371320193,0.011943116512241652,0.015654291676947273,0.024355412736029185,0.022140163456231928
2025-06-04,912,-0.007438682146181554,0.011943116512241652,0.01556842126548603,0.024355412736029185,0.022018715294600602
2025-06-05,913,0.004929252082385919,0.011943116512241652,0.015388817610850043,0.024355412736029185,0.021764698418395775
2025-06-06,914,0.0012826968070620299,0.011943116512241652,0.01505161272995341,0.024355412736029185,0.02128778312031909
2025-06-09,915,-0.00565755973912472,0.011943116512241652,0.014602228277442862,0.024355412736029185,0.020652210113338232
2025-06-10,916,0.0008372015939493024,0.011943116512241652,0.014339717766750018,0.024355412736029185,0.020280936488465292
2025-06-11,917,-9.593593482463058e-06,0.011943116512241652,0.013906963553316389,0.024355412736029185,0.019668883945972864
2025-06-12,918,0.0019464230002715023,0.011943116512241652,0.013483301973088275,0.024355412736029185,0.019069691288141594
2025-06-13,919,0.011851890736545436,0.011943116512241652,0.013096048006911236,0.024355412736029185,0.01852199061364479
2025-06-16,920,-0.00526947339489114,0.01203597154595812,0.013565342248348267,0.024355412736029185,0.01918572241505137
2025-06-17,921,0.004298848303538039,0.01203597154595812,0.013322347615751674,0.024355412736029185,0.018842050468999783
2025-06-18,922,-0.005019465166837394,0.01203597154595812,0.013032105413964084,0.024355412736029185,0.018431555384195858
2025-06-20,923,0.005256298976246428,0.01203597154595812,0.012795921234129638,0.024355412736029185,0.01809751559145255
2025-06-23,924,-0.005989431107048179,0.01203597154595812,0.012585567118780686,0.024355412736029185,0.017800007751837217
2025-06-24,925,0.003092671562834034,0.01203597154595812,0.012438493220704516,0.024355412736029185,0.01759199833111416
2025-06-25,926,0.0006629258783642207,0.01203597154595812,0.012123769878406259,0.024355412736029185,0.01714687910210195
2025-06-26,927,-0.00196119497190336,0.01203597154595812,0.011757465233990566,0.024355412736029185,0.01662880745315706
2025-06-27,928,5.571353308192603e-05,0.01203597154595812,0.011426639356940105,0.024355412736029185,0.016160914101953267
2025-06-30,929,-0.0015641629158868364,0.01203597154595812,0.011078560630966862,0.024355412736029185,0.015668619717274505
2025-07-01,930,0.0068921741752020725,0.01203597154595812,0.010759535268085329,0.024355412736029185,0.015217416058454074
2025-07-02,931,-0.0033178796258128626,0.01203597154595812,0.010795030211748166,0.024355412736029185,0.015267617234641578
2025-07-03,932,-0.00209621933044238,0.01203597154595812,0.010551195513740381,0.024355412736029185,0.014922757168047618
2025-07-07,933,0.000378542791983889,0.01203597154595812,0.010264568896563474,0.024355412736029185,0.014517375673556323
2025-07-08,934,-0.0032088618066265376,0.01203597154595812,0.009953037403112003,0.024355412736029185,0.014076770737279533
2025-07-09,935,-0.006717646253646932,0.01203597154595812,0.009736050624685424,0.024355412736029185,0.013769882195699574
2025-07-10,936,-0.0016997681379515507,0.01203597154595812,0.00981981605144236,0.024355412736029185,0.013888353237293274
2025-07-11,937,-0.00048329444895596843,0.01203597154595812,0.009545264444684672,0.024355412736029185,0.013500049660470458
2025-07-14,938,-0.003246599482612458,0.01203597154595812,0.00925652556410999,0.024355412736029185,0.013091680751546465
2025-07-15,939,0.0038129859235670333,0.01203597154595812,0.009069361693774362,0.024355412736029185,0.012826971318002815
2025-07-16,940,-0.00782372623837201,0.01203597154595812,0.0089262676163736,0.024355412736029185,0.0126245906336096
2025-07-17,941,-0.003237436121948366,0.01203597154595812,0.009210540136730118,0.024355412736029185,0.013026642684043585
2025-07-18,942,-0.0005316999634324848,0.01203597154595812,0.009024711269402026,0.024355412736029185,0.012763821370729926
2025-07-21,943,-0.0018195510544005875,0.01203597154595812,0.008752404292642678,0.024355412736029185,0.012378692416948988
2025-07-22,944,0.0035606945026646405,0.01203597154595812,0.008517379369908436,0.024355412736029185,0.0120462921836451
2025-07-23,945,-0.002206924941111274,0.01203597154595812,0.008381595765271829,0.024355412736029185,0.011854250840391102
2025-07-24,946,0.0048305207991158556,0.01203597154595812,0.008174761314818712,0.024355412736029185,0.011561720930005216
2025-07-25,947,-0.0011305147211775838,0.01203597154595812,0.008161187235229832,0.024355412736029185,0.011542522850202712
2025-07-28,948,0.005466950993428615,0.01203597154595812,0.007925664000511206,0.024355412736029185,0.01120941784474981
2025-07-29,949,-0.013977647411819897,0.01203597154595812,0.007993679083341785,0.024355412736029185,0.011305612874357935
2025-07-30,950,6.871560519905548e-05,0.01203597154595812,0.00958022147908069,0.024355412736029185,0.013549490061316744
2025-07-31,951,-0.004908840493189236,0.01203597154595812,0.009288410600346728,0.024355412736029185,0.01313677636677183
2025-08-01,952,0.004549769578508934,0.01203597154595812,0.009220074824088226,0.024355412736029185,0.013040127774328664
2025-08-04,953,0.001303396367439505,0.01203597154595812,0.009125214704401047,0.024355412736029185,0.01290596529679896
2025-08-05,954,0.002149728496184761,0.01203597154595812,0.00886279573629037,0.024355412736029185,0.012534821142346927
2025-08-06,955,-0.003619834335000733,0.01203597154595812,0.008636341374593091,0.024355412736029185,0.012214542417073287
2025-08-07,956,0.005704726532020038,0.01203597154595812,0.00849931088482741,0.024355412736029185,0.012020737580386399
2025-08-08,957,-0.0016559167914276174,0.01203597154595812,0.008554935727572882,0.024355412736029185,0.01209940885699392
2025-08-11,958,0.0014067132774150375,0.01203597154595812,0.008321107835015364,0.024355412736029185,0.01176870160631241
2025-08-12,959,-0.008287975916548583,0.01203597154595812,0.008087497516956171,0.024355412736029185,0.011438302075395947
2025-08-13,960,-0.00014223551671632912,0.011759035702828968,0.00852255092979736,0.021407050353260845,0.012053606419487087
2025-08-14,961,0.004184460510019048,0.011759035702828968,0.008263118420519418,0.021407050353260845,0.01168668607075406
2025-08-15,962,-0.0032232717764956137,0.011759035702828968,0.008186866024742166,0.021407050353260845,0.011578840852249299
2025-08-18,963,0.004847794447809412,0.011759035702828968,0.00804299946030145,0.021407050353260845,0.01137536762469378
2025-08-19,964,0.0013910859239758713,0.011759035702828968,0.008038870973117996,0.021407050353260845,0.011369528626484538
2025-08-20,965,-0.003442697715790017,0.011759035702828968,0.007814100896059582,0.021407050353260845,0.011051632017117567
2025-08-21,966,0.0028229303046047767,0.011759035702828968,0.007701983881239529,0.021407050353260845,0.01089306278348075
2025-08-22,967,-0.014723440510612605,0.011759035702828968,0.0075534720785811445,0.021407050353260845,0.010683019706866918
2025-08-25,968,0.012765603784928211,0.011759035702828968,0.009424545505782212,0.021407050353260845,0.013329314561449705
2025-08-26,969,-0.008943103717641628,0.01203597154595812,0.010485540523966674,0.021407050353260845,0.014829900063088488
2025-08-27,970,0.001200761391209218,0.01203597154595812,0.010785776882979848,0.021407050353260845,0.015254530075179323
2025-08-28,971,-0.002189726491460334,0.01203597154595812,0.010468383813965084,0.021407050353260845,0.014805635000724423
2025-08-29,972,0.004331965759783452,0.01203597154595812,0.010187747791169535,0.021407050353260845,0.014408726118187751
2025-09-02,973,0.0024897072537646238,0.01203597154595812,0.010030409496437121,0.021407050353260845,0.014186199565393905
2025-09-03,974,-0.011120063251923974,0.01203597154595812,0.0097764415580254,0.021407050353260845,0.013827007863519711
2025-09-04,975,-0.00039539429327019055,0.01203597154595812,0.010484152348772417,0.021407050353260845,0.01482793674042011
2025-09-05,976,-0.0016822517906224072,0.01203597154595812,0.010166011114467365,0.021407050353260845,0.014377983521517599
2025-09-08,977,-0.0019220107985967534,0.01203597154595812,0.009879590661849142,0.021407050353260845,0.013972893609495976
2025-09-09,978,0.0052586002799887965,0.01203597154595812,0.009609870445145118,0.021407050353260845,0.013591423159825531
2025-09-10,979,-0.00873627980817545,0.01203597154595812,0.009554977602271498,0.021407050353260845,0.013513787164605833
2025-09-11,980,-0.006844903478657225,0.011759035702828968,0.009910064851327264,0.021407050353260845,0.014015993837226839
2025-09-12,981,0.002062466640918222,0.011759035702828968,0.009996126438434885,0.021407050353260845,0.014137712382223125
2025-09-15,982,-0.004702588019891482,0.011759035702828968,0.00972716384675066,0.021407050353260845,0.013757313456076262
2025-09-16,983,0.004160819147254199,0.011582396840515213,0.00961927913208334,0.021407050353260845,0.013604730045312246
2025-09-17,984,0.009831936133924999,0.011582396840515213,0.009475709407891851,0.021407050353260845,0.013401676644585934
2025-09-18,985,-0.005926932127280519,0.011582396840515213,0.010004695179204793,0.021407050353260845,0.01414983131581494
2025-09-19,986,-0.00407803030508192,0.011582396840515213,0.00998953427604818,0.021407050353260845,0.014128388961158561
2025-09-22,987,-0.006430726090355356,0.011582396840515213,0.009823593658496445,0.021407050353260845,0.013893695979039557
2025-09-23,988,0.00636931026559756,0.011582396840515213,0.009870458657448485,0.021407050353260845,0.01395997804140219
2025-09-24,989,0.0021729423079619673,0.011582396840515213,0.009907871843051945,0.021407050353260845,0.014012892223772944
2025-09-25,990,-0.0018766422423574928,0.011582396840515213,0.0096458515090992,0.021407050353260845,0.01364231186521778
2025-09-26,991,-0.010930148036727844,0.011582396840515213,0.009382515919313552,0.021407050353260845,0.013269871315238551
2025-09-29,992,-0.0018501057805638324,0.011582396840515213,0.010106595999359964,0.021407050353260845,0.014293951590377217
2025-09-30,993,-0.0004180833863170044,0.011582396840515213,0.009827020536143469,0.021407050353260845,0.01389854267749231
2025-10-01,994,-0.003776405891041623,0.011582396840515213,0.009529138858295516,0.021407050353260845,0.01347724293590883
2025-10-02,995,-0.002314521913644921,0.011582396840515213,0.009363294433350277,0.021407050353260845,0.013242686000828877
2025-10-03,996,-0.0024389186098437207,0.011582396840515213,0.009125821791014286,0.021407050353260845,0.012906823910981358
2025-10-06,997,-0.002663181587672514,0.011582396840515213,0.008902212809238455,0.021407050353260845,0.012590569460830219
2025-10-07,998,0.003561217102022698,0.011582396840515213,0.008697458204279921,0.021407050353260845,0.012300981115617901
2025-10-08,999,-0.010759508255679416,0.011582396840515213,0.00855369966566496,0.021407050353260845,0.01209766067104925
2025-10-09,1000,0.0028222303532936654,0.011582396840515213,0.009357809206304503,0.021407050353260845,0.013234928139541111
2025-10-10,1001,0.007976522339663271,0.011582396840515213,0.009143711183081514,0.021407050353260845,0.012932125219572937
2025-10-13,1002,-0.008656855406138725,0.011582396840515213,0.009429708598474706,0.021407050353260845,0.0133366168219742
2025-10-14,1003,-0.0010184042482296925,0.011582396840515213,0.009785174067931304,0.021407050353260845,0.013839358418925843
2025-10-15,1004,0.0007024115151892964,0.011582396840515213,0.009495947370246205,0.021407050353260845,0.013430299580953365
2025-10-16,1005,0.0020048557311587055,0.011582396840515213,0.009211011206546452,0.021407050353260845,0.013027308927074453
2025-10-17,1006,0.006921486642410801,0.011582396840515213,0.008966864057783781,0.021407050353260845,0.012682006955415227
2025-10-20,1007,-0.0144185818020589,0.011582396840515213,0.009130018428566616,0.021407050353260845,0.012912759295557843
2025-10-21,1008,0.006292685325328101,0.011582396840515213,0.01058791863669374,0.021407050353260845,0.01497469538164357
2025-10-22,1009,-0.00023621714916084274,0.011582396840515213,0.010573826568100117,0.021407050353260845,0.014954764700106656
2025-10-23,1010,-0.004161233994329857,0.011582396840515213,0.010252146980874585,0.021407050353260845,0.01449980712114481
2025-10-24,1011,-0.0032148839071181896,0.011582396840515213,0.010080230985016729,0.021407050353260845,0.014256663047456763
2025-10-27,1012,-0.002172723580380124,0.011582396840515213,0.009858609358653741,0.021407050353260845,0.013943219351991562
2025-10-28,1013,0.0032205330998794275,0.011582396840515213,0.009598279836626554,0.021407050353260845,0.013575030341009198
2025-10-29,1014,0.003901925257278966,0.011582396840515213,0.009395905706119995,0.021407050353260845,0.013288808746241918
2025-10-30,1015,0.0002149696741450013,0.011582396840515213,0.009244326838865845,0.021407050353260845,0.013074427861640195
2025-10-31,1016,-0.002778927444773994,0.011582396840515213,0.00896312588830659,0.021407050353260845,0.012676719990986554
2025-11-03,1017,-0.004139473929746982,0.011582396840515213,0.008761904564729037,0.021407050353260845,0.012392128833058472
2025-11-04,1018,0.00953398606536917,0.011582396840515213,0.008657154394315891,0.021407050353260845,0.012243978668050976
2025-11-05,1019,-0.006841738826074584,0.011582396840515213,0.00923065935167479,0.021407050353260845,0.013055097673683397
2025-11-06,1020,0.0059479354653227765,0.011582396840515213,0.009364371740357237,0.021407050353260845,0.01324420965668753
2025-11-07,1021,-6.928022273225204e-05,0.011582396840515213,0.009390045966053607,0.021407050353260845,0.013280521204042104
2025-11-10,1022,-0.01186327701764325,0.011167614449005743,0.009104030129878494,0.021407050353260845,0.01287600354877744
2025-11-11,1023,-0.00017635737118298976,0.011167614449005743,0.010037759826162413,0.021407050353260845,0.014196595276993866
2025-11-12,1024,-0.0010830973605881265,0.011167614449005743,0.009732228616519735,0.021407050353260845,0.013764476656613829
2025-11-13,1025,0.009704468927651108,0.011167614449005743,0.009445831343913812,0.021407050353260845,0.013359419528525955
2025-11-14,1026,0.007259369144147718,0.011167614449005743,0.009957823960619516,0.021407050353260845,0.014083540456906327
2025-11-17,1027,0.0072460323483922225,0.011167614449005743,0.010087786564556929,0.021407050353260845,0.014267349047786815
2025-11-18,1028,0.0012233005541018615,0.011167614449005743,0.010206904652279771,0.021407050353260845,0.01443582003243451
2025-11-19,1029,0.003060980822836557,0.011167614449005743,0.009908227559383946,0.021407050353260845,0.01401339532016958
2025-11-20,1030,0.004270872120026714,0.011167614449005743,0.009685225198585154,0.021407050353260845,0.013697998825642675
2025-11-21,1031,-0.0019367336692765694,0.011167614449005743,0.009546537344735614,0.021407050353260845,0.0135018499473038
2025-11-24,1032,-0.009234098182400707,0.011167614449005743,0.00928854629048146,0.021407050353260845,0.013136968275918814
2025-11-25,1033,-0.005135265404391235,0.011167614449005743,0.009743835785777253,0.021407050353260845,0.013780892897599296
2025-11-26,1034,-0.004558386487060084,0.011167614449005743,0.009670918305186887,0.021407050353260845,0.013677764313284957
2025-11-28,1035,-0.002078806044706351,0.011167614449005743,0.009554483354706074,0.021407050353260845,0.01351308814084212
2025-12-01,1036,0.005277421383660619,0.011167614449005743,0.009301202760174017,0.021407050353260845,0.01315486856253381
2025-12-02,1037,-0.002607288158126642,0.011167614449005743,0.009265138126787198,0.021407050353260845,0.013103861663298048
2025-12-03,1038,-0.0018024962311278655,0.011167614449005743,0.00904410010090984,0.021407050353260845,0.012791243365136769
2025-12-04,1039,0.0021412713896321036,0.011167614449005743,0.008798603257739556,0.021407050353260845,0.01244403249492006
2025-12-05,1040,-0.001095428791114027,0.011167614449005743,0.008574076984785847,0.021407050353260845,0.01212648070235099
2025-12-08,1041,0.0012225675838854009,0.011167614449005743,0.00832458417554108,0.021407050353260845,0.011773618261058418
2025-12-09,1042,-0.0025219829305038253,0.011167614449005743,0.008086001083047162,0.021407050353260845,0.011436185640361349
2025-12-10,1043,-0.0047531529518230545,0.011167614449005743,0.007905245643156778,0.021407050353260845,0.011180539772291219
2025-12-11,1044,0.0010543516923057444,0.011167614449005743,0.00790005237818915,0.021407050353260845,0.01117319483854221
2025-12-12,1045,0.008294069434313732,0.011167614449005743,0.007671156117713511,0.021407050353260845,0.01084946248922654
2025-12-15,1046,0.00038561647800503006,0.011167614449005743,0.008153708101992096,0.021407050353260845,0.011531944969337092
2025-12-16,1047,0.004830778807880462,0.011167614449005743,0.007906839908174177,0.021407050353260845,0.011182794571729363
2025-12-17,1048,0.0032583553750542716,0.011167614449005743,0.007909190402781404,0.021407050353260845,0.011186118921107857
2025-12-18,1049,-0.003540067319378128,0.011167614449005743,0.007779809832409651,0.021407050353260845,0.011003133511406474
2025-12-19,1050,-0.00765091705465753,0.011167614449005743,0.007676475704358623,0.021407050353260845,0.010856986082134663
2025-12-22,1051,-0.006997363193661416,0.011167614449005743,0.008055741449907316,0.021407050353260845,0.011393388863754178
2025-12-23,1052,0.0004391055964497667,0.011167614449005743,0.008303588285670195,0.021407050353260845,0.011743923373340504
2025-12-29,1053,0.0024000416325085927,0.011167614449005743,0.008052571245726989,0.021407050353260845,0.011388905183483582
2025-12-30,1054,-0.0014317916024266133,0.011167614449005743,0.007866914115800483,0.021407050353260845,0.011126326761654324
2026-01-02,1055,-0.0012816821235575372,0.01061960621582698,0.0076490407047019,0.021407050353260845,0.010818184238566361
2026-01-05,1056,-0.016310742563495528,0.01061960621582698,0.007433977369192111,0.021407050353260845,0.010514016059009498
2026-01-06,1057,-0.002746026857414437,0.01061960621582698,0.009753727370331903,0.021407050353260845,0.013794882754400264
2026-01-07,1058,0.0006892556943102391,0.01061960621582698,0.009521091393556735,0.021407050353260845,0.013465861252955569
2026-01-08,1059,-0.0005767198091842793,0.01061960621582698,0.009235216854552912,0.021407050353260845,0.013061543436976695
2026-01-09,1060,-0.006388939196839079,0.01061960621582698,0.008956889487219606,0.021407050353260845,0.01266789972991733
2026-01-12,1061,-0.007799801367436085,0.01061960621582698,0.009057510574681692,0.021407050353260845,0.012810210054110092
2026-01-13,1062,0.0018483169359902233,0.01061960621582698,0.009326950238862765,0.021407050353260845,0.013191283712993423
2026-01-14,1063,-0.004198465377235841,0.01061960621582698,0.009073425682786126,0.021407050353260845,0.012832719095216986
2026-01-15,1064,0.0008794756845054945,0.010174145045968558,0.008958174221104304,0.021407050353260845,0.012669716753567583
2026-01-16,1065,-0.002919344804024323,0.010174145045968558,0.008692497504689516,0.021407050353260845,0.012293965103520045
2026-01-20,1066,0.010305997348527603,0.010174145045968558,0.008509373288822113,0.021407050353260845,0.012034969030381253
2026-01-21,1067,0.0008035750371700773,0.010387472592539738,0.009236167783637962,0.021407050353260845,0.013062888354128667
2026-01-22,1068,-0.008379094186867908,0.010387472592539738,0.008960647917612953,0.021407050353260845,0.012673215349746372
2026-01-23,1069,0.0009696770309631133,0.010387472592539738,0.009320561360447774,0.021407050353260845,0.013182247800329408
2026-01-26,1070,0.004015809320086922,0.010387472592539738,0.009045061043764308,0.021407050353260845,0.012792602444953926
2026-01-27,1071,-0.007426738852043747,0.010387472592539738,0.008917524026429778,0.021407050353260845,0.012612224407494398
2026-01-28,1072,0.008128825791116002,0.010387472592539738,0.009149021314180645,0.021407050353260845,0.012939635439321936
2026-01-29,1073,-0.0025565426949091196,0.010387472592539738,0.009455627875562563,0.021407050353260845,0.013373274950188176
2026-01-30,1074,0.015781759583134033,0.010387472592539738,0.009225256419758757,0.021407050353260845,0.013047456203968097
2026-02-02,1075,-0.004433203601064466,0.01061960621582698,0.01097407092544722,0.021407050353260845,0.015520837932736458
2026-02-03,1076,-0.008019377057950701,0.010387472592539738,0.010788641675367644,0.021407050353260845,0.01525858180572344
2026-02-04,1077,0.004614767159140578,0.010387472592539738,0.010947638015377029,0.021407050353260845,0.015483453363593688
2026-02-05,1078,0.014638393048576335,0.010387472592539738,0.01077574957759806,0.021407050353260845,0.015240348265822518
2026-02-06,1079,-0.021245418151499367,0.01061960621582698,0.011997283751745426,0.021407050353260845,0.016967987359376824
2026-02-09,1080,-0.005760145941143766,0.01061960621582698,0.014441967973477311,0.021407050353260845,0.020425550907124012
2026-02-10,1081,0.00828932030871966,0.01061960621582698,0.014193036737926606,0.021407050353260845,0.0200734827102237
2026-02-11,1082,-0.002573650226791826,0.01061960621582698,0.01416015845145317,0.021407050353260845,0.020026982322233957
2026-02-12,1083,0.010368444256688026,0.01061960621582698,0.013767887297616306,0.021407050353260845,0.019472185743484728
2026-02-13,1084,-0.006626922247299807,0.01061960621582698,0.013986884760507322,0.021407050353260845,0.01978191803447349
2026-02-17,1085,0.003229749066857759,0.01061960621582698,0.013821142621016164,0.021407050353260845,0.0195475057636632
2026-02-18,1086,-0.006588667235399478,0.01061960621582698,0.013463130433598243,0.021407050353260845,0.01904116229489875
2026-02-19,1087,-0.005237584406200125,0.01061960621582698,0.01332019045241615,0.021407050353260845,0.018838999551728287
2026-02-20,1088,-0.01003271371838294,0.01061960621582698,0.013085678449841008,0.021407050353260845,0.018507324751193686
2026-02-23,1089,0.007366709734214463,0.01061960621582698,0.013315424370928253,0.021407050353260845,0.018832258791726786
2026-02-24,1090,-0.0065627601685304795,0.01061960621582698,0.013246585502245728,0.021407050353260845,0.018734898666067597
2026-02-25,1091,-0.00481720687187952,0.01061960621582698,0.013112411759915036,0.021407050353260845,0.018545134181794543
2026-02-26,1092,0.0018576401831821507,0.01061960621582698,0.012860257697062841,0.021407050353260845,0.018188507878739147
2026-02-27,1093,-0.0017099939977734623,0.01061960621582698,0.012490926150809671,0.021407050353260845,0.01766615522476185
2026-03-02,1094,-0.0001484468994210305,0.010415573701211928,0.01212998414604215,0.021407050353260845,0.01715566805940891
2026-03-03,1095,0.01316129019426818,0.010415573701211928,0.01176060804974849,0.021407050353260845,0.016633252397459185
2026-03-04,1096,-0.014400883248665716,0.01061960621582698,0.012575069396628835,0.021407050353260845,0.017785160623065347
2026-03-05,1097,0.012892962365913356,0.01061960621582698,0.01350221637439702,0.021407050353260845,0.019096442286864142
2026-03-06,1098,0.0018648960754388418,0.011167614449005743,0.014083875834597014,0.021407050353260845,0.019919094361480576
2026-03-09,1099,-0.01173651622839727,0.011167614449005743,0.013675481396319793,0.021407050353260845,0.019341494313859838
2026-03-10,1100,0.004622338371379541,0.011167614449005743,0.014076871134112975,0.021407050353260845,0.019909187479912317
2026-03-11,1101,0.004651239121202163,0.01061960621582698,0.013774512815646555,0.021407050353260845,0.019481556340072495
2026-03-12,1102,0.003016315718692324,0.01061960621582698,0.013485728710464174,0.021407050353260845,0.019073123469122794
2026-03-13,1103,0.0034890438217471493,0.010415573701211928,0.013131257146161443,0.018201197304334376,0.01857178757119738
2026-03-16,1104,-0.01759806822832535,0.010415573701211928,0.012808601152906838,0.018201197304334376,0.018115449042555444
2026-03-17,1105,0.003251348913178363,0.010340343148015834,0.014299991551020751,0.01529425592011378,0.02022475094344707
2026-03-18,1106,0.01708720095912572,0.010340343148015834,0.013926106226758888,0.01529425592011378,0.019695957794330397
2026-03-19,1107,0.002425847058302182,0.010415573701211928,0.01515575453221145,0.016447534684889784,0.021435072858635072
2026-03-20,1108,0.025005212644146887,0.010415573701211928,0.01472651913791254,0.016447534684889784,0.020827997049196002
2026-03-23,1109,-0.007884873478724191,0.01061960621582698,0.01747450534376641,0.021125386918486443,0.024714526381128046
2026-03-24,1110,0.007272942270693439,0.01061960621582698,0.017237437588397225,0.021125386918486443,0.024379236930644314
2026-03-25,1111,-0.007419151537786864,0.01061960621582698,0.01696726832724631,0.021125386918486443,0.023997131388843327
2026-03-26,1112,0.013444633478103405,0.01061960621582698,0.016719758010656713,0.021125386918486443,0.02364707282474571
2026-03-27,1113,0.004944842643418613,0.011358286506132895,0.017091525220766127,0.021125386918486443,0.024172870284595704
2026-03-30,1114,-0.00464914493795704,0.011358286506132895,0.016690185468888123,0.021125386918486443,0.023605247814576964
2026-03-31,1115,-0.02215329541019367,0.011358286506132895,0.01628979126828198,0.021125386918486443,0.023038962655766382
2026-04-01,1116,-0.002086503542574977,0.011358286506132895,0.018141212510432384,0.021125386918486443,0.02565746305000098
2026-04-02,1117,0.0038606471151316764,0.011358286506132895,0.017608636812421925,0.021125386918486443,0.024904231076935575
2026-04-07,1118,-0.008605244582206755,0.011358286506132895,0.01714292118983384,0.021125386918486443,0.024245560584459373
2026-04-08,1119,-0.008101362400324101,0.01061960621582698,0.016978448978333095,0.021125386918486443,0.0240129443970405
2026-04-09,1120,-0.00338874489306286,0.01061960621582698,0.016781713005957367,0.021125386918486443,0.023734696956913028
2026-04-10,1121,0.00412410844467163,0.01061960621582698,0.016327660559654317,0.021125386918486443,0.023092521917230116
2026-04-13,1122,-0.008429788375288669,0.01061960621582698,0.015917221688450525,0.021125386918486443,0.022512030389106538
2026-04-14,1123,-0.0008668699973506356,0.010415573701211928,0.015801646775222607,0.016447534684889784,0.02234857058376293
2026-04-15,1124,0.0006754261978151224,0.010340343148015834,0.015324245671632852,0.01522150998120075,0.021673373092507043
2026-04-16,1125,0.000995715606580733,0.010340343148015834,0.014859899437909439,0.01522150998120075,0.021016639352834775
2026-04-17,1126,-0.011560547431772098,0.010340343148015834,0.01441279151379126,0.01522150998120075,0.020384286083403206
2026-04-20,1127,0.0007745040042936634,0.010340343148015834,0.014729561806164967,0.01522150998120075,0.020832300352969946
2026-04-21,1128,0.013981259718534936,0.010340343148015834,0.014284248940825358,0.01522150998120075,0.02020248586942478
2026-04-22,1129,-0.010007689874140952,0.010340343148015834,0.014950901287926244,0.01522150998120075,0.021145345005940664
2026-04-23,1130,0.0016221656587875504,0.010340343148015834,0.015045794064534618,0.01522150998120075,0.02127955367077722
2026-04-24,1131,-0.004078644795085782,0.010340343148015834,0.014602072777213903,0.01522150998120075,0.020651990186396938
2026-04-27,1132,0.0028230479903071475,0.010340343148015834,0.014252289510404012,0.01522150998120075,0.02015728503708443
2026-04-28,1133,0.006304001547876586,0.010340343148015834,0.013864841032286095,0.01522150998120075,0.019609309260637683
2026-04-29,1134,0.0027778799477635578,0.010340343148015834,0.013680312728511113,0.01522150998120075,0.019348327359176395
2026-04-30,1135,-0.013008173278724167,0.010340343148015834,0.013310693352574754,0.01522150998120075,0.01882556762218539
2026-05-04,1136,0.006159632576246717,0.010340343148015834,0.013928847837284358,0.01522150998120075,0.019699835306415888
2026-05-05,1137,-0.010773252869927396,0.010340343148015834,0.01373066303310085,0.01522150998120075,0.019419538755814002
2026-05-06,1138,-0.012962571620051827,0.010340343148015834,0.014002144357733018,0.01522150998120075,0.01980349997403519
2026-05-07,1139,0.01110665762111002,0.010340343148015834,0.014545546048274523,0.01522150998120075,0.020572043354934292
2026-05-08,1140,-0.0022257177507930834,0.010415573701211928,0.014795388998384945,0.01522150998120075,0.02092540100713505
2026-05-11,1141,0.001314611273998429,0.010415573701211928,0.014372664676843467,0.01522150998120075,0.020327533932150397
2026-05-12,1142,0.005482389654729372,0.010415573701211928,0.013944878062746122,0.01522150998120075,0.01972250716019809
2026-05-13,1143,-0.0069199811673024405,0.010415573701211928,0.013699314303290674,0.01522150998120075,0.019375201649002284
2026-05-14,1144,-0.0036356975738145243,0.010415573701211928,0.013571456130057903,0.01522150998120075,0.01919436939462712
2026-05-15,1145,0.009678697782393442,0.010415573701211928,0.01323930197523283,0.01522150998120075,0.018724597434818604
2026-05-18,1146,-0.006984377917526914,0.010415573701211928,0.013415261175240594,0.01522150998120075,0.01897345988929405
2026-05-19,1147,0.008816699641428439,0.010415573701211928,0.013307513374062408,0.01522150998120075,0.018821070117890495
2026-05-20,1148,-0.012573186807717185,0.010415573701211928,0.013382201299501063,0.01522150998120075,0.018926702676139922
2026-05-21,1149,0.0002444125377484628,0.010340343148015834,0.013928412236923668,0.01522150998120075,0.019699219228513018
2026-05-22,1150,-0.0009023381069722035,0.010340343148015834,0.013504455736439732,0.01522150998120075,0.01909960945933585
2026-05-26,1151,-0.004094068418093591,0.010340343148015834,0.01309810210466821,0.01522150998120075,0.018524895763301703
2026-05-27,1152,0.0037471193989522277,0.010340343148015834,0.012805763669841506,0.01522150998120075,0.018111435936107246
2026-05-28,1153,-0.005103310092188146,0.010340343148015834,0.012507102969835997,0.01522150998120075,0.017689034408619922
2026-05-29,1154,0.0013145133226699069,0.010340343148015834,0.012299175620155138,0.01522150998120075,0.017394958789999977
2026-06-01,1155,0.0049305906915197385,0.010340343148015834,0.011936248972815516,0.01522150998120075,0.016881664706783532
2026-06-02,1156,-0.0008453731176020485,0.010340343148015834,0.011741891690507954,0.01522150998120075,0.016606781493413027
2026-06-03,1157,0.005430023036180299,0.010340343148015834,0.011389280537754762,0.01522150998120075,0.016108076811045154
2026-06-04,1158,-0.0038210824044321956,0.010340343148015834,0.011256960948688874,0.01522150998120075,0.01592093469111811
2026-06-05,1159,0.021117988801640578,0.010340343148015834,0.011022077143682389,0.01522150998120075,0.015588734043309595
2026-06-08,1160,-0.009500022578600265,0.010340343148015834,0.013659882767602325,0.016447534684889784,0.01931943287558944
2026-06-09,1161,0.0025868979537201258,0.010340343148015834,0.013785769504630053,0.016447534684889784,0.019497476890118055
2026-06-10,1162,0.010882957506352731,0.010340343148015834,0.013406376499701675,0.016447534684889784,0.018960894123129308
2026-06-11,1163,-0.01746454562000599,0.010651426544003605,0.01371763639894061,0.016447534684889784,0.019401114938528356
2026-06-12,1164,9.490896141871129e-05,0.010651426544003605,0.015046470065312456,0.016447534684889784,0.021280509751577727
2026-06-15,1165,-0.007285490888443552,0.010651426544003605,0.014588144089841182,0.016447534684889784,0.020632290578038618
2026-06-16,1166,0.001546903723679799,0.010651426544003605,0.01444511898574807,0.016447534684889784,0.020430007443910658
2026-06-17,1167,0.010627312092010167,0.010651426544003605,0.014018923719899778,0.016447534684889784,0.01982723134615537
2026-06-18,1168,-0.012596354968247426,0.010767917069898573,0.014250340873275204,0.016447534684889784,0.020154529042406482
2026-06-22,1169,-0.002218010835269984,0.010767917069898573,0.014718861979045487,0.016447534684889784,0.0208171673832855
2026-06-23,1170,0.011360529906537535,0.010510821566115198,0.014298419879154652,0.016447534684889784,0.02022252809793396
2026-06-24,1171,0.008819647496499425,0.010767917069898573,0.014598939511327017,0.016447534684889784,0.020647558748659665
2026-06-25,1172,-0.0031784795851889183,0.010767917069898573,0.01459344121479668,0.016447534684889784,0.02063978240295047
2026-06-26,1173,0.0033031695803393754,0.010767917069898573,0.014206703270043546,0.016447534684889784,0.020092811547400953
2026-06-29,1174,-0.004343665470204896,0.010767917069898573,0.013838055944814165,0.016447534684889784,0.01957142660027488
2026-06-30,1175,-0.0012601105015560463,0.010767917069898573,0.013530154612933753,0.016447534684889784,0.019135955870783965
2026-07-01,1176,-0.002443508605036544,0.010767917069898573,0.013127792779897113,0.016447534684889784,0.01856688785187776
2026-07-02,1177,-0.010660356733344029,0.010767917069898573,0.012765886241940388,0.016447534684889784,0.018055036528828727
2026-07-06,1178,-0.002865517429068602,0.010767917069898573,0.013101060198464062,0.016447534684889784,0.01852907945180774
2026-07-07,1179,0.006814963261845241,0.010767917069898573,0.012754311252583094,0.016447534684889784,0.01803866580049025
2026-07-08,1180,0.0025045735614542004,0.010767917069898573,0.012666942766329913,0.016447534684889784,0.017915098883092284
2026-07-09,1181,-0.0019060237087103133,0.010767917069898573,0.012322444850126036,0.016447534684889784,0.01742786890600446
2026-07-10,1182,-0.0007045197602070448,0.010767917069898573,0.011971709596805012,0.016447534684889784,0.016931817344002092
2026-07-13,1183,0.005745307697179039,0.010767917069898573,0.011610473474840715,0.016447534684889784,0.016420914203084985
2026-07-14,1184,-0.007838460245356154,0.010767917069898573,0.011492313707191379,0.016447534684889784,0.016253798588805282
2026-07-15,1185,0.0010253187864388451,0.010767917069898573,0.011581141140630611,0.016447534684889784,0.01637942892305019
2026-07-16,1186,0.010051395804382498,0.010767917069898573,0.0112359297394732,0.016447534684889784,0.015891189850576845
2026-07-17,1187,0.0006864325289810189,0.010767917069898573,0.011622043878471136,0.016447534684889784,0.01643727844574244
2026-07-20,1188,-0.00027633103095232555,0.010767917069898573,0.01127138319450329,0.016447534684889784,0.015941332348599305
2026-07-21,1189,-0.007779315527855578,0.010767917069898573,0.010928578585509573,0.016447534684889784,0.015456497248212915
2026-07-22,1190,-0.00481980464034093,0.010767917069898573,0.011049516019316166,0.016447534684889784,0.015627541368746216
2026-07-23,1191,0.008627733677924947,0.010767917069898573,0.010887486687044328,0.016447534684889784,0.015398380192039294
2026-07-24,1192,-0.004311517586479242,0.010767917069898573,0.01111345151833143,0.016447534684889784,0.015717966565111905
2026-07-27,1193,-0.00017275157018793817,0.010767917069898573,0.010914023413027019,0.016447534684889784,0.015435911590008273
2026-07-28,1194,-0.004295714713072357,0.010767917069898573,0.010581767203333248,0.016447534684889784,0.014965995292051401
2026-07-29,1195,0.004761137724081481,0.010767917069898573,0.010404370220552853,0.016447534684889784,0.014715099353962797
2026-07-30,1196,-0.008867219324717646,0.010767917069898573,0.010268188264893903,0.016447534684889784,0.014522494615255998
2026-07-31,1197,0.005425035238290785,0.010767917069898573,0.010577020783593823,0.016447534684889784,0.01495928234003598
2026-08-03,1198,-0.004950113281422121,0.010767917069898573,0.010485159926868793,0.016447534684889784,0.014829361777349856
2026-08-04,1199,-0.013891849892685795,0.010767917069898573,0.010359536704668553,0.016447534684889784,0.014651690456870524
2026-08-05,1200,-0.002144073553861768,0.010767917069898573,0.0114981874370226,0.016447534684889784,0.01626210591699647
2026-08-06,1201,0.004543108980136282,0.010767917069898573,0.011181326701997577,0.016447534684889784,0.015813963732662015
2026-08-07,1202,-0.009065667210487053,0.010767917069898573,0.010994146702638638,0.016447534684889784,0.0155492314875329
2026-08-10,1203,0.002768184059574623,0.010767917069898573,0.011267675267841603,0.016447534684889784,0.015936088157161736
2026-08-11,1204,0.00071667861308651,0.010767917069898573,0.010981202341553625,0.016447534684889784,0.015530924030627601
2026-08-12,1205,-0.00461088938761321,0.010767917069898573,0.010650585673315265,0.016447534684889784,0.015063326567439186
2026-08-13,1206,-0.0034311503906621302,0.010767917069898573,0.010491907203018406,0.016447534684889784,0.014838904578769404
2026-08-14,1207,-0.0005402656383782543,0.010767917069898573,0.010265788714664893,0.016447534684889784,0.014519100885575467
2026-08-17,1208,0.0026809677307351957,0.010767917069898573,0.009955431463745428,0.016447534684889784,0.014080156702920265
2026-08-18,1209,0.007675213244468608,0.010767917069898573,0.009712402307723723,0.016447534684889784,0.013736435929729719
2026-08-19,1210,-0.007647077207650287,0.010767917069898573,0.009911293968532435,0.016447534684889784,0.014017732201145883
2026-08-20,1211,0.007605594517578358,0.010767917069898573,0.010091212777968626,0.016447534684889784,0.014272194806798871
2026-08-21,1212,-0.0062435452979860495,0.010767917069898573,0.010252451487796486,0.016447534684889784,0.01450023779109549
2026-08-24,1213,0.0011583017080842458,0.010767917069898573,0.010253488306195368,0.016447534684889784,0.014501704183143076
2026-08-25,1214,-0.003720499510194386,0.010767917069898573,0.009952073991211998,0.016447534684889784,0.014075408165444154
2026-08-26,1215,0.0006487847797383762,0.010767917069898573,0.009764639112702101,0.016447534684889784,0.013810315439867871
2026-08-27,1216,-0.0050591607702110694,0.010767917069898573,0.009470776932051835,0.016447534684889784,0.01339470054987686
2026-08-28,1217,0.005480001413026015,0.010767917069898573,0.009405785417516833,0.016447534684889784,0.013302781810609211
2026-08-31,1218,-0.0017098010200950458,0.010767917069898573,0.009382728121596046,0.016447534684889784,0.013270171436976229
2026-09-01,1219,0.01088939378479965,0.010510821566115198,0.00912293911509152,0.016447534684889784,0.012902746887412454
2026-09-02,1220,-0.004468291981394826,0.010767917069898573,0.009873376247576582,0.016447534684889784,0.013964104444797976
2026-09-03,1221,-0.009213635228727866,0.010767917069898573,0.009740411608979187,0.016447534684889784,0.013776050019008767
2026-09-04,1222,0.006344808512356475,0.010767917069898573,0.010147101586595732,0.016447534684889784,0.014351239415390163
2026-09-08,1223,0.0029409165672295142,0.010767917069898573,0.010164684373203576,0.016447534684889784,0.014376107086029453
2026-09-09,1224,0.005361330293432088,0.010767917069898573,0.009926004888203551,0.016447534684889784,0.014038538135571496
2026-09-10,1225,0.008169590081563965,0.010767917069898573,0.009863067717633253,0.016447534684889784,0.013949524894177051
2026-09-11,1226,-0.006509446885868337,0.010767917069898573,0.010113245482771795,0.016447534684889784,0.014303356081661497
2026-09-14,1227,0.0040549539729328845,0.010767917069898573,0.010149855825349257,0.016447534684889784,0.014355134787819584
2026-09-15,1228,-0.0011278443735725835,0.010767917069898573,0.009975348485292,0.016447534684889784,0.014108325726578599
2026-09-16,1229,0.0024227162598297134,0.010767917069898573,0.00968212864927067,0.016447534684889784,0.013693619316854429
2026-09-17,1230,-0.01399552330894066,0.010767917069898573,0.009437786726062162,0.016447534684889784,0.013348041871979492
2026-09-18,1231,-0.0009047352433190711,0.010767917069898573,0.010748225690819228,0.016447534684889784,0.015201420707501143
