target_vol,cost_multiplier,policy,total_return,annual_vol,max_drawdown,daily_es975,fees_eur,gross_turnover,fills,unfilled_signal
0.08,0.0,volcontrol,0.18148961980898504,0.08703737158988648,-0.09053785238025869,0.01620631433911666,0.0,2.6042658668726357,23,
0.08,1.0,volcontrol,0.17356608150706232,0.0870429260505785,-0.09124162374347189,0.016211694773720257,716.8432448777401,2.6045611091637992,23,
0.08,2.0,volcontrol,0.16568813486001832,0.08707575674006332,-0.09194625187668604,0.01621708727692012,1429.4127497785,2.604885458449043,23,
0.1,0.0,volcontrol,0.213603751266094,0.10612094367086383,-0.11190844382133946,0.020003173515873482,0.0,2.850510326572576,23,
0.1,1.0,volcontrol,0.20465683914135435,0.10612650367611352,-0.1127290621770064,0.020010773868145783,794.7546246505875,2.8514528662981986,23,
0.1,2.0,volcontrol,0.19576140960113952,0.1061630150616708,-0.11355088392545898,0.02001839160037235,1584.7215939815821,2.852588618014649,23,
0.12,0.0,volcontrol,0.24122719069706444,0.1186862970192416,-0.12605737673387307,0.02205748890624904,0.0,2.6324620427308627,23,
0.12,1.0,volcontrol,0.23276764344478007,0.11866104886033892,-0.12627686736667398,0.022060755725108863,741.2375079946133,2.632315422739581,23,
0.12,2.0,volcontrol,0.2243570959619121,0.1186671819092346,-0.12649666328108322,0.022064023304376443,1477.9360913450096,2.6323186020265914,23,
