signal_date,fill_date,fee_eur,risky_target
2024-09-27,2024-09-30,182.84303725964463,0.7092093566434701
2024-09-30,2024-10-01,1.8002393867393038,0.7094325196292557
2024-10-31,2024-11-01,30.85790797687161,0.833077763239715
2024-11-29,2024-12-02,13.2373947748102,0.8192200593735361
2025-01-31,2025-02-03,8.709883030721517,0.826340483202454
2025-02-28,2025-03-03,43.661421012337776,0.9599999999999999
2025-03-31,2025-04-01,49.72829159358831,0.7759299067670519
2025-04-30,2025-05-02,78.16532274659109,0.48208806549102157
2025-05-30,2025-06-02,8.44019236466854,0.4632174750814958
2025-06-30,2025-07-01,11.038926772180766,0.49896283361647314
2025-07-31,2025-08-01,123.33761516098023,0.9599999999999999
2025-08-29,2025-09-02,6.6067136067083885,0.9599999999999999
2025-09-30,2025-10-01,6.723036943865317,0.9599999999999999
2025-10-31,2025-11-03,8.519663846223263,0.9599999999999999
2025-11-28,2025-12-01,8.926405675674758,0.9599999999999999
2026-01-30,2026-02-02,13.317885298852442,0.9599999999999999
2026-02-27,2026-03-02,44.46789578279673,0.8222593829478246
2026-03-31,2026-04-01,63.627918925037704,0.6033351200260766
2026-04-30,2026-05-04,9.671101017757113,0.6121777313682081
2026-05-29,2026-06-01,10.673891047852509,0.6494173307491876
2026-06-30,2026-07-01,37.40389668932623,0.7681637154791073
2026-07-31,2026-08-03,15.689729104362598,0.8122638785837968
2026-08-31,2026-09-01,17.3062546329966,0.8563035843773368
