ticker,name,asset,currency,units,price,fx,asof,value,weight
VT,Global all-cap equities,Index equities,USD,329.21809993907345,160.02999877929688,0.8791400059988468,2026-09-25,46317.29088762257,0.3631158871527855
VOO,US large-cap tilt,Index equities,USD,16.392414392948275,710.7899780273438,0.8791400059988468,2026-09-25,10243.355927208393,0.08030532882319316
IEUR,European equities tilt,Index equities,USD,94.27729437015084,75.27999877929688,0.8791400059988468,2026-09-25,6239.42770770292,0.04891554069743024
CME,CME Group,Single stocks,USD,24.43526445815016,264.4800109863281,0.8791400059988468,2026-09-25,5681.564500081705,0.044542033748659
NVO,Novo Nordisk ADR,Single stocks,USD,0.0,38.79999923706055,0.8791400059988468,2026-09-25,0.0,0.0
RHM.DE,Rheinmetall,Single stocks,EUR,4.685393063231712,982.4000244140625,1,2026-09-25,4602.930259708312,0.036085813153701414
SU.PA,Schneider Electric,Single stocks,EUR,13.344859786126433,291.0,1,2026-09-25,3883.354197762792,0.03044451818372552
UL,Unilever ADR,Single stocks,USD,46.52183419416825,62.540000915527344,0.8791400059988468,2026-09-25,2557.8363552016945,0.020052792370006955
IEF,US Treasury 7–10 year proxy,Rates,USD,135.38077777118679,90.0,0.8791400059988468,2026-09-25,10711.679200370072,0.08397686525266607
SHY,US Treasury 1–3 year proxy,Rates,USD,207.19444715430748,81.20999908447266,0.8791400059988468,2026-09-25,14792.639076659405,0.11597056215322729
GLD,Physical gold proxy,Commodities,USD,28.42437401743969,393.4100036621094,0.8791400059988468,2026-09-25,9830.92429056631,0.07707196873759313
SLV,Physical silver proxy,Commodities,USD,39.320913864718335,58.13999938964844,0.8791400059988468,2026-09-25,2009.817711436835,0.0157564643207315
CPER,Copper futures proxy,Commodities,USD,0.0,40.61000061035156,0.8791400059988468,2026-09-25,0.0,0.0
BNO,Brent futures proxy,Commodities,USD,17.819628224879732,59.650001525878906,0.8791400059988468,2026-09-25,934.4738259528376,0.007326039278834415
BTC-USD,Bitcoin spot reference,Crypto,USD,0.03511137824823798,84034.921875,0.8791400059988468,2026-09-25,2593.9746138945393,0.02033610721018721
ETH-USD,Ethereum spot reference,Crypto,USD,0.43647526538213105,2690.4755859375,0.8791400059988468,2026-09-25,1032.3970065766475,0.008093732335220389
CASH,EUR cash,Cash,EUR,6123.455342389678,1,1,2026-09-25,6123.455342389678,0.048006346582038256
